model,documents,delta_f1,ci_low,ci_high,samples,seed
kakaocorp/kanana-2-3b-instruct,1440,-0.005926072000752179,-0.007737236581474748,-0.004127808519000055,2000,0
Qwen/Qwen3.5-9B,1440,-0.003931974103445618,-0.007521144645211517,-0.0001458138283218155,2000,0
kakaocorp/kanana-1.5-8b-instruct-2505,1438,-0.005091726955236938,-0.0070075509451017,-0.003134395557814024,2000,0
LGAI-EXAONE/EXAONE-4.5-33B,1440,-0.010434133517990756,-0.013219765846476135,-0.0077603845520027425,2000,0
Qwen/Qwen3-30B-A3B,1440,-0.012093557580419422,-0.01464398356707346,-0.009730142499416991,2000,0
google/gemma-4-E2B-it,1440,-2.743584568188695e-05,-0.00010131555260769734,5.6004499005215344e-05,2000,0
google/gemma-4-E4B-it,1440,-0.018880219347532673,-0.023041320953427848,-0.014625644308685723,2000,0
google/gemma-4-12B-it,1440,-2.7363454722564374e-05,-0.0002741580123908309,0.0002250173131043018,2000,0
google/gemma-4-26B-A4B-it,1440,0.005729128958254101,0.0024855013644155127,0.00898713827315814,2000,0
google/gemma-4-31B-it,1440,-0.00013713274187857337,-0.00025455435380585835,-4.347855812489456e-05,2000,0
