run,model,condition,documents,strict_f1,format_compliance,empty_list_rate,detection_precision,detection_recall,detection_f1,invalid_item_fp
0925-01-kanana-3b-full,kakaocorp/kanana-2-3b-instruct,full_context_targeted,1440,0.010230016808397855,0.7222181738686876,0.02178823872331123,0.05636274303362111,0.02203380529030842,0.03168215265037186,75465
0925-02-kanana-3b-local,kakaocorp/kanana-2-3b-instruct,local_window,1440,0.016156088809150034,0.6361582744297894,0.08686147343875246,0.12017645486142055,0.024667983755899462,0.04093371985368889,31764
0925-03-qwen-2b-full,Qwen/Qwen3.5-2B,full_context_targeted,1440,0.0011691366200077638,0.28477738103913136,0.013772498724768637,0.033937140633781504,0.010769948414005049,0.0163509305449963,64498
0925-06-qwen-4b-local,Qwen/Qwen3.5-4B,local_window,1440,0.00969562971755815,0.4736573635502441,0.049916199081833416,0.12585899270408255,0.065163904437859,0.08586890363326283,83370
0926-01-qwen-9b-full,Qwen/Qwen3.5-9B,full_context_targeted,1440,0.032685768275997305,0.7579246520440137,0.16825766960577132,0.1858201438848921,0.1181218673398456,0.14443164534311534,96349
0926-02-qwen-9b-local,Qwen/Qwen3.5-9B,local_window,1440,0.03661774237944292,0.7634627996793704,0.13823507979304817,0.2261789984022919,0.15019847803021988,0.18051952334886992,87614
0926-03-kanana-8b-full-1438,kakaocorp/kanana-1.5-8b-instruct-2505,full_context_targeted,1438,0.0033369140401801017,0.46092433897311946,0.007397641543983007,0.051067495231649544,0.060862431655797286,0.055536388252882936,235147
0926-04-kanana-8b-local-1438,kakaocorp/kanana-1.5-8b-instruct-2505,local_window,1438,0.00842864099541704,0.4000585951805464,0.002343807221856002,0.12014210263732861,0.06401096257052113,0.08352195089863687,83701
0928-01-exaone-33b-full,LGAI-EXAONE/EXAONE-4.5-33B,full_context_targeted,1440,0.008105571900684078,0.6287983677038549,0.2636449755884282,0.08672797799439365,0.09069622800278052,0.08866772627997488,186354
0928-02-exaone-33b-local,LGAI-EXAONE/EXAONE-4.5-33B,local_window,1440,0.018539705418674834,0.8012825183997668,0.29862275012752315,0.14678297369974422,0.14328833278454614,0.1450146023576675,145380
0928-03-qwen3-30b-full,Qwen/Qwen3-30B-A3B,full_context_targeted,1440,0.005156916965436812,0.9041754718356044,0.5306419879035197,0.09382991457641873,0.06309223283210771,0.07545064753237662,123733
0928-04-qwen3-30b-local,Qwen/Qwen3-30B-A3B,local_window,1440,0.017250474545856233,0.9377687094658602,0.17612766887706768,0.150365243243871,0.11842370028902792,0.13249658461207844,123434
0928-01-gemma4-e2b-full,google/gemma-4-E2B-it,full_context_targeted,1440,2.7438857080139754e-05,0.0003643518181155724,0.46688041973329447,0.16549566362937754,0.0689413895291406,0.09733530479025292,62457
0928-01-gemma4-e2b-local,google/gemma-4-E2B-it,local_window,1440,5.48747027620267e-05,0.012752313634045035,0.541062449901625,0.28097105197297073,0.07701313430651593,0.12089059903301878,28868
0928-02-gemma4-e4b-full,google/gemma-4-E4B-it,full_context_targeted,1440,0.053373965659225725,0.8399766814836406,0.05618305035342126,0.16346489489471722,0.12635367504481762,0.14253324219404928,129082
0928-02-gemma4-e4b-local,google/gemma-4-E4B-it,local_window,1440,0.0722541850067584,0.8734241783866501,0.08875610289295344,0.30417045538325427,0.16980847327406431,0.2179452187464232,65661
0928-03-gemma4-12b-full,google/gemma-4-12B-it,full_context_targeted,1440,0.0004297417891887938,0.05545434671719012,0.12191211834147052,0.3194080546136098,0.2614742252954304,0.28755214790264216,85401
0928-03-gemma4-12b-local,google/gemma-4-12B-it,local_window,1440,0.00045710524391135815,0.055527217080813235,0.07789841871310937,0.30836351904266085,0.28848370102074417,0.2980925310291543,92237
0928-04-gemma4-26b-a4b-full,google/gemma-4-26B-A4B-it,full_context_targeted,1440,0.0797107664859672,0.9577351890985936,0.12293230343219412,0.3477929197589925,0.24603043939560237,0.2881922495901947,69113
0928-04-gemma4-26b-a4b-local,google/gemma-4-26B-A4B-it,local_window,1440,0.0739816375277131,0.9610143554616337,0.07185017853239088,0.3113538923817052,0.2720017927047891,0.2903505324744747,84943
0929-05-gemma4-31b-fp8-full,google/gemma-4-31B-it,full_context_targeted,1440,3.657677923170475e-05,0.04977045835458719,0.05742184653501421,0.28996519745928856,0.31587275454578717,0.3023650312455539,102275
0929-05-gemma4-31b-fp8-local,google/gemma-4-31B-it,local_window,1440,0.0001737095211102781,0.04561684762806966,0.04168184799242148,0.2886155314001431,0.3486170563055647,0.3157914359748709,104568
0924-01-presidio-full1440,presidio,document,1440,0.10149097787757888,,,,,,
0924-01-ko-pii-full1440,ko-pii,document,1440,0.09426133718266827,,,,,,
0925-07-openmed-windows,openmed,document,1440,0.020865919916788475,,,,,,
