run,model,condition,group,tp,fp,fn,precision,recall,f1
0925-01-kanana-3b-full,kakaocorp/kanana-2-3b-instruct,full_context_targeted,I/attribute,40,189,64107,0.17467248908296942,0.0006235677428406629,0.0012426991425375916
0925-01-kanana-3b-full,kakaocorp/kanana-2-3b-instruct,full_context_targeted,L/attribute,5,36,53501,0.12195121951219512,9.34474638358315e-05,0.00018675182549909424
0925-01-kanana-3b-full,kakaocorp/kanana-2-3b-instruct,full_context_targeted,L/identifier,1084,705,99927,0.6059250978200111,0.010731504489610043,0.021089494163424125
0925-02-kanana-3b-local,kakaocorp/kanana-2-3b-instruct,local_window,I/attribute,65,225,64082,0.22413793103448276,0.0010132975821160772,0.002017474432391328
0925-02-kanana-3b-local,kakaocorp/kanana-2-3b-instruct,local_window,L/attribute,8,77,53498,0.09411764705882353,0.00014951594213733038,0.00029855759362579535
0925-02-kanana-3b-local,kakaocorp/kanana-2-3b-instruct,local_window,L/identifier,1728,2183,99283,0.4418307338276656,0.017107047747275048,0.032938754503345345
0925-03-qwen-2b-full,Qwen/Qwen3.5-2B,full_context_targeted,I/attribute,0,10,64147,0.0,0.0,0.0
0925-03-qwen-2b-full,Qwen/Qwen3.5-2B,full_context_targeted,L/attribute,0,8,53506,0.0,0.0,0.0
0925-03-qwen-2b-full,Qwen/Qwen3.5-2B,full_context_targeted,L/identifier,128,155,100883,0.45229681978798586,0.001267188722020374,0.0025272967796710565
0925-06-qwen-4b-local,Qwen/Qwen3.5-4B,local_window,I/attribute,15,92,64132,0.14018691588785046,0.00023383790356524856,0.0004668970025212438
0925-06-qwen-4b-local,Qwen/Qwen3.5-4B,local_window,L/attribute,0,160,53506,0.0,0.0,0.0
0925-06-qwen-4b-local,Qwen/Qwen3.5-4B,local_window,L/identifier,1055,732,99956,0.5903749300503638,0.010444407044777301,0.02052569116130664
0926-01-qwen-9b-full,Qwen/Qwen3.5-9B,full_context_targeted,I/attribute,101,392,64046,0.20486815415821502,0.0015745085506726738,0.003125
0926-01-qwen-9b-full,Qwen/Qwen3.5-9B,full_context_targeted,L/attribute,90,369,53416,0.19607843137254902,0.0016820543490449669,0.0033354952283887705
0926-01-qwen-9b-full,Qwen/Qwen3.5-9B,full_context_targeted,L/identifier,3476,1287,97535,0.7297921478060047,0.034412093732365784,0.06572503639835876
0926-02-qwen-9b-local,Qwen/Qwen3.5-9B,local_window,I/attribute,87,377,64060,0.1875,0.0013562598406784416,0.002693039884849329
0926-02-qwen-9b-local,Qwen/Qwen3.5-9B,local_window,L/attribute,76,416,53430,0.15447154471544716,0.0014204014503046388,0.0028149190710767065
0926-02-qwen-9b-local,Qwen/Qwen3.5-9B,local_window,L/identifier,3961,1665,97050,0.7040526128688234,0.03921355099939611,0.07428941174264092
0926-03-kanana-8b-full-1438,kakaocorp/kanana-1.5-8b-instruct-2505,full_context_targeted,I/attribute,27,45,64007,0.375,0.0004216509979073617,0.0008423548497800518
0926-03-kanana-8b-full-1438,kakaocorp/kanana-1.5-8b-instruct-2505,full_context_targeted,L/attribute,21,29,53353,0.42,0.0003934499943792858,0.0007861635220125787
0926-03-kanana-8b-full-1438,kakaocorp/kanana-1.5-8b-instruct-2505,full_context_targeted,L/identifier,317,129,100472,0.7107623318385651,0.00314518449433966,0.006262656195979651
0926-04-kanana-8b-local-1438,kakaocorp/kanana-1.5-8b-instruct-2505,local_window,I/attribute,64,134,63970,0.32323232323232326,0.0009994690320767094,0.0019927761863245733
0926-04-kanana-8b-local-1438,kakaocorp/kanana-1.5-8b-instruct-2505,local_window,L/attribute,16,44,53358,0.26666666666666666,0.00029977142428897966,0.000598869633566643
0926-04-kanana-8b-local-1438,kakaocorp/kanana-1.5-8b-instruct-2505,local_window,L/identifier,846,426,99943,0.6650943396226415,0.008393773130004266,0.01657832080814415
0928-01-exaone-33b-full,LGAI-EXAONE/EXAONE-4.5-33B,full_context_targeted,I/attribute,68,183,64079,0.27091633466135456,0.001060065162829127,0.002111866828162365
0928-01-exaone-33b-full,LGAI-EXAONE/EXAONE-4.5-33B,full_context_targeted,L/attribute,117,459,53389,0.203125,0.002186670653758457,0.004326763063496173
0928-01-exaone-33b-full,LGAI-EXAONE/EXAONE-4.5-33B,full_context_targeted,L/identifier,709,389,100302,0.6457194899817851,0.007019037530565978,0.013887120625997708
0928-02-exaone-33b-local,LGAI-EXAONE/EXAONE-4.5-33B,local_window,I/attribute,88,197,64059,0.3087719298245614,0.0013718490342494584,0.0027315619567916563
0928-02-exaone-33b-local,LGAI-EXAONE/EXAONE-4.5-33B,local_window,L/attribute,279,352,53227,0.4421553090332805,0.005214368482039398,0.010307183626724791
0928-02-exaone-33b-local,LGAI-EXAONE/EXAONE-4.5-33B,local_window,L/identifier,1691,739,99320,0.6958847736625514,0.016740751007316035,0.03269496621262362
0928-03-qwen3-30b-full,Qwen/Qwen3-30B-A3B,full_context_targeted,I/attribute,10,40,64137,0.2,0.00015589193571016572,0.00031154103774319673
0928-03-qwen3-30b-full,Qwen/Qwen3-30B-A3B,full_context_targeted,L/attribute,1,57,53505,0.017241379310344827,1.8689492767166298e-05,3.7338510940183704e-05
0928-03-qwen3-30b-full,Qwen/Qwen3-30B-A3B,full_context_targeted,L/identifier,555,184,100456,0.7510148849797023,0.005494451099385215,0.01090909090909091
0928-04-qwen3-30b-local,Qwen/Qwen3-30B-A3B,local_window,I/attribute,34,210,64113,0.13934426229508196,0.0005300325814145635,0.0010560482054945567
0928-04-qwen3-30b-local,Qwen/Qwen3-30B-A3B,local_window,L/attribute,37,165,53469,0.18316831683168316,0.000691511232385153,0.0013778208088180532
0928-04-qwen3-30b-local,Qwen/Qwen3-30B-A3B,local_window,L/identifier,1842,839,99169,0.6870570682581126,0.018235637702824443,0.03552829533618794
0928-01-gemma4-e2b-full,google/gemma-4-E2B-it,full_context_targeted,I/attribute,0,0,64147,0,0.0,0.0
0928-01-gemma4-e2b-full,google/gemma-4-E2B-it,full_context_targeted,L/attribute,0,0,53506,0,0.0,0.0
0928-01-gemma4-e2b-full,google/gemma-4-E2B-it,full_context_targeted,L/identifier,3,1,101008,0.75,2.9699735672352516e-05,5.9397119239716876e-05
0928-01-gemma4-e2b-local,google/gemma-4-E2B-it,local_window,I/attribute,1,6,64146,0.14285714285714285,1.5589193571016572e-05,3.117498519188203e-05
0928-01-gemma4-e2b-local,google/gemma-4-E2B-it,local_window,L/attribute,0,2,53506,0.0,0.0,0.0
0928-01-gemma4-e2b-local,google/gemma-4-E2B-it,local_window,L/identifier,5,2,101006,0.7142857142857143,4.949955945392086e-05,9.899225880536142e-05
0928-02-gemma4-e4b-full,google/gemma-4-E4B-it,full_context_targeted,I/attribute,234,458,63913,0.33815028901734107,0.003647871295617878,0.0072178781289039
0928-02-gemma4-e4b-full,google/gemma-4-E4B-it,full_context_targeted,L/attribute,321,603,53185,0.3474025974025974,0.005999327178260382,0.011794966011390778
0928-02-gemma4-e4b-full,google/gemma-4-E4B-it,full_context_targeted,L/identifier,5505,1292,95506,0.809916139473297,0.05449901495876687,0.1021260017809439
0928-02-gemma4-e4b-local,google/gemma-4-E4B-it,local_window,I/attribute,344,863,63803,0.28500414250207123,0.0053626825884297005,0.010527282186247208
0928-02-gemma4-e4b-local,google/gemma-4-E4B-it,local_window,L/attribute,548,854,52958,0.3908701854493581,0.010241842036407132,0.019960661470095432
0928-02-gemma4-e4b-local,google/gemma-4-E4B-it,local_window,L/identifier,7447,2104,93564,0.7797089310019893,0.07372464385066974,0.1347117454459941
0928-03-gemma4-12b-full,google/gemma-4-12B-it,full_context_targeted,I/attribute,0,4,64147,0.0,0.0,0.0
0928-03-gemma4-12b-full,google/gemma-4-12B-it,full_context_targeted,L/attribute,0,1,53506,0.0,0.0,0.0
0928-03-gemma4-12b-full,google/gemma-4-12B-it,full_context_targeted,L/identifier,47,20,100964,0.7014925373134329,0.00046529585886685606,0.0009299748708917865
0928-03-gemma4-12b-local,google/gemma-4-12B-it,local_window,I/attribute,0,17,64147,0.0,0.0,0.0
0928-03-gemma4-12b-local,google/gemma-4-12B-it,local_window,L/attribute,1,8,53505,0.1111111111111111,1.8689492767166298e-05,3.7372699243202844e-05
0928-03-gemma4-12b-local,google/gemma-4-12B-it,local_window,L/identifier,49,29,100962,0.6282051282051282,0.00048509568264842445,0.000969442768253717
0928-04-gemma4-26b-a4b-full,google/gemma-4-26B-A4B-it,full_context_targeted,I/attribute,74,744,64073,0.09046454767726161,0.0011536003242552263,0.002278149772954668
0928-04-gemma4-26b-a4b-full,google/gemma-4-26B-A4B-it,full_context_targeted,L/attribute,133,899,53373,0.12887596899224807,0.002485702538033118,0.004877333235542191
0928-04-gemma4-26b-a4b-full,google/gemma-4-26B-A4B-it,full_context_targeted,L/identifier,9086,3568,91925,0.7180338232969812,0.08995059943966499,0.1598733119253948
0928-04-gemma4-26b-a4b-local,google/gemma-4-26B-A4B-it,local_window,I/attribute,97,1050,64050,0.08456843940714909,0.0015121517763886075,0.0029711765246423867
0928-04-gemma4-26b-a4b-local,google/gemma-4-26B-A4B-it,local_window,L/attribute,134,1462,53372,0.08395989974937343,0.002504392030800284,0.004863707306449857
0928-04-gemma4-26b-a4b-local,google/gemma-4-26B-A4B-it,local_window,L/identifier,8395,3391,92616,0.7122857627693874,0.08310976032313312,0.14885147654636205
0929-05-gemma4-31b-fp8-full,google/gemma-4-31B-it,full_context_targeted,I/attribute,1,15,64146,0.0625,1.5589193571016572e-05,3.117061234667955e-05
0929-05-gemma4-31b-fp8-full,google/gemma-4-31B-it,full_context_targeted,L/attribute,1,32,53505,0.030303030303030304,1.8689492767166298e-05,3.735594613272568e-05
0929-05-gemma4-31b-fp8-full,google/gemma-4-31B-it,full_context_targeted,L/identifier,2,3,101009,0.4,1.9799823781568345e-05,3.959768749505029e-05
0929-05-gemma4-31b-fp8-local,google/gemma-4-31B-it,local_window,I/attribute,0,29,64147,0.0,0.0,0.0
0929-05-gemma4-31b-fp8-local,google/gemma-4-31B-it,local_window,L/attribute,1,31,53505,0.03125,1.8689492767166298e-05,3.73566438791139e-05
0929-05-gemma4-31b-fp8-local,google/gemma-4-31B-it,local_window,L/identifier,18,13,100993,0.5806451612903226,0.0001781984140341151,0.00035628748441242255
0924-01-presidio-full1440,presidio,document,I/attribute,0,0,64147,0,0.0,0.0
0924-01-presidio-full1440,presidio,document,L/attribute,0,0,53506,0,0.0,0.0
0924-01-presidio-full1440,presidio,document,L/identifier,12045,6652,88966,0.6442209980210729,0.11924443872449535,0.20123968322919103
0924-01-ko-pii-full1440,ko-pii,document,I/attribute,2,25447,64145,7.858854964831624e-05,3.1178387142033145e-05,4.464485021652752e-05
0924-01-ko-pii-full1440,ko-pii,document,L/attribute,0,0,53506,0,0.0,0.0
0924-01-ko-pii-full1440,ko-pii,document,L/identifier,25204,265494,75807,0.08670166289413755,0.24951737929532428,0.12868736740794826
0925-07-openmed-windows,openmed,document,I/attribute,0,7792,64147,0.0,0.0,0.0
0925-07-openmed-windows,openmed,document,L/attribute,0,0,53506,0,0.0,0.0
0925-07-openmed-windows,openmed,document,L/identifier,2648,24707,98363,0.09680131602997624,0.026214966686796487,0.041257030677905364
