run,level,outcome,count,denominator,rate
0925-01-kanana-3b-full,gold,empty_list,4693,218664,0.02146215197746314
0925-01-kanana-3b-full,gold,exact_boundary_wrong_category,823,218664,0.0037637654117733143
0925-01-kanana-3b-full,gold,exact_hit,4818,218664,0.02203380529030842
0925-01-kanana-3b-full,gold,invalid_json,46626,218664,0.21323125891779168
0925-01-kanana-3b-full,gold,no_overlapping_prediction,15622,218664,0.07144294442615154
0925-01-kanana-3b-full,gold,output_truncated,223,218664,0.0010198295101159771
0925-01-kanana-3b-full,gold,overlapping_boundary_same_category,2773,218664,0.01268155709215966
0925-01-kanana-3b-full,gold,overlapping_boundary_wrong_category,1696,218664,0.00775619214868474
0925-01-kanana-3b-full,gold,root_schema,453,218664,0.0020716716057512896
0925-01-kanana-3b-full,gold,unresolved_with_rejected_items,140937,218664,0.6445368236198002
0925-01-kanana-3b-full,item,invalid_category,1282,85575,0.014981010809231669
0925-01-kanana-3b-full,item,invalid_occurrence_field,44,85575,0.0005141688577271399
0925-01-kanana-3b-full,item,invalid_quote_field,546,85575,0.006380368098159509
0925-01-kanana-3b-full,item,item_schema,446,85575,0.0052118025124160096
0925-01-kanana-3b-full,item,occurrence_out_of_range,2496,85575,0.029167397020157755
0925-01-kanana-3b-full,item,outside_owned_core,3696,85575,0.043190184049079754
0925-01-kanana-3b-full,item,quote_absent_from_target,66955,85575,0.7824130879345603
0925-01-kanana-3b-full,item,valid,10110,85575,0.11814198071866784
0925-01-kanana-3b-full,request,duplicate_key_requests,1008,13723,0.07345332653209939
0925-01-kanana-3b-full,request,empty_list,299,13723,0.02178823872331123
0925-01-kanana-3b-full,request,format_compliant,9911,13723,0.7222181738686876
0925-01-kanana-3b-full,request,invalid_json,2593,13723,0.18895285287473584
0925-01-kanana-3b-full,request,nonempty_list,10791,13723,0.7863440938570283
0925-01-kanana-3b-full,request,output_truncated,10,13723,0.0007287036362311448
0925-01-kanana-3b-full,request,root_schema,30,13723,0.0021861109086934345
0925-01-kanana-3b-full,request,strict_rejected,12670,13723,0.9232675071048605
0925-01-kanana-3b-full,request,total,13723,13723,1.0
0925-01-kanana-3b-full,request,whole_fence_parseable,24,13723,0.0017488887269547476
0925-02-kanana-3b-local,gold,empty_list,15461,218664,0.07070665495920682
0925-02-kanana-3b-local,gold,exact_boundary_wrong_category,996,218664,0.00455493359675118
0925-02-kanana-3b-local,gold,exact_hit,5394,218664,0.024667983755899462
0925-02-kanana-3b-local,gold,invalid_json,38980,218664,0.17826436907767168
0925-02-kanana-3b-local,gold,no_overlapping_prediction,29051,218664,0.1328568031317455
0925-02-kanana-3b-local,gold,output_truncated,11,218664,5.030549153038452e-05
0925-02-kanana-3b-local,gold,overlapping_boundary_same_category,2722,218664,0.012448322540518787
0925-02-kanana-3b-local,gold,overlapping_boundary_wrong_category,2763,218664,0.012635824827132039
0925-02-kanana-3b-local,gold,root_schema,78,218664,0.00035671166721545385
0925-02-kanana-3b-local,gold,unresolved_with_rejected_items,123208,218664,0.5634580909523287
0925-02-kanana-3b-local,item,invalid_category,2211,44969,0.049167204073917586
0925-02-kanana-3b-local,item,invalid_occurrence_field,60,44969,0.0013342524850452535
0925-02-kanana-3b-local,item,invalid_quote_field,136,44969,0.0030243056327692412
0925-02-kanana-3b-local,item,item_schema,263,44969,0.005848473392781694
0925-02-kanana-3b-local,item,occurrence_out_of_range,7088,44969,0.15761969356667926
0925-02-kanana-3b-local,item,outside_owned_core,3947,44969,0.08777157597456026
0925-02-kanana-3b-local,item,quote_absent_from_target,18059,44969,0.40158776045720385
0925-02-kanana-3b-local,item,valid,13205,44969,0.29364673441704287
0925-02-kanana-3b-local,request,duplicate_key_requests,2561,13723,0.18662100123879619
0925-02-kanana-3b-local,request,empty_list,1192,13723,0.08686147343875246
0925-02-kanana-3b-local,request,format_compliant,8730,13723,0.6361582744297894
0925-02-kanana-3b-local,request,invalid_json,2266,13723,0.1651242439699774
0925-02-kanana-3b-local,request,nonempty_list,10260,13723,0.7476499307731546
0925-02-kanana-3b-local,request,output_truncated,1,13723,7.287036362311447e-05
0925-02-kanana-3b-local,request,root_schema,4,13723,0.0002914814544924579
0925-02-kanana-3b-local,request,strict_rejected,10523,13723,0.7668148364060337
0925-02-kanana-3b-local,request,total,13723,13723,1.0
0925-02-kanana-3b-local,request,whole_fence_parseable,18,13723,0.0013116665452160606
0925-03-qwen-2b-full,gold,empty_list,2891,218664,0.013221197819485603
0925-03-qwen-2b-full,gold,exact_boundary_wrong_category,537,218664,0.0024558226319833167
0925-03-qwen-2b-full,gold,exact_hit,2355,218664,0.010769948414005049
0925-03-qwen-2b-full,gold,invalid_json,55068,218664,0.2518384370541104
0925-03-qwen-2b-full,gold,no_overlapping_prediction,6548,218664,0.029945487140087074
0925-03-qwen-2b-full,gold,output_truncated,10134,218664,0.046345077378992426
0925-03-qwen-2b-full,gold,overlapping_boundary_same_category,861,218664,0.003937548018878279
0925-03-qwen-2b-full,gold,overlapping_boundary_wrong_category,975,218664,0.004458895840193173
0925-03-qwen-2b-full,gold,root_schema,17048,218664,0.07796436541909048
0925-03-qwen-2b-full,gold,unresolved_with_rejected_items,122247,218664,0.5590632202831742
0925-03-qwen-2b-full,item,invalid_category,7948,70200,0.11321937321937323
0925-03-qwen-2b-full,item,invalid_occurrence_field,1921,70200,0.027364672364672365
0925-03-qwen-2b-full,item,invalid_quote_field,328,70200,0.004672364672364673
0925-03-qwen-2b-full,item,item_schema,1760,70200,0.02507122507122507
0925-03-qwen-2b-full,item,occurrence_out_of_range,12893,70200,0.18366096866096865
0925-03-qwen-2b-full,item,outside_owned_core,1964,70200,0.027977207977207978
0925-03-qwen-2b-full,item,quote_absent_from_target,37684,70200,0.5368091168091168
0925-03-qwen-2b-full,item,valid,5702,70200,0.08122507122507122
0925-03-qwen-2b-full,request,duplicate_key_requests,36,13723,0.0026233330904321213
0925-03-qwen-2b-full,request,empty_list,189,13723,0.013772498724768637
0925-03-qwen-2b-full,request,format_compliant,3908,13723,0.28477738103913136
0925-03-qwen-2b-full,request,invalid_json,3464,13723,0.2524229395904686
0925-03-qwen-2b-full,request,nonempty_list,8374,13723,0.6102164249799606
0925-03-qwen-2b-full,request,output_truncated,637,13723,0.04641842162792392
0925-03-qwen-2b-full,request,root_schema,1059,13723,0.07716971507687824
0925-03-qwen-2b-full,request,strict_rejected,13402,13723,0.9766086132769802
0925-03-qwen-2b-full,request,total,13723,13723,1.0
0925-03-qwen-2b-full,request,whole_fence_parseable,4268,13723,0.3110107119434526
0925-06-qwen-4b-local,gold,empty_list,4937,218664,0.022578019244137125
0925-06-qwen-4b-local,gold,exact_boundary_wrong_category,1565,218664,0.007157099476822888
0925-06-qwen-4b-local,gold,exact_hit,14249,218664,0.065163904437859
0925-06-qwen-4b-local,gold,invalid_json,37317,218664,0.1706590934035781
0925-06-qwen-4b-local,gold,no_overlapping_prediction,16127,218664,0.07375242381004646
0925-06-qwen-4b-local,gold,output_truncated,2615,218664,0.011958987304723228
0925-06-qwen-4b-local,gold,overlapping_boundary_same_category,6383,218664,0.029190904767131307
0925-06-qwen-4b-local,gold,overlapping_boundary_wrong_category,5428,218664,0.02482347345699338
0925-06-qwen-4b-local,gold,root_schema,1598,218664,0.0073080159514140415
0925-06-qwen-4b-local,gold,unresolved_with_rejected_items,128445,218664,0.5874080781472945
0925-06-qwen-4b-local,item,invalid_category,7712,113752,0.06779661016949153
0925-06-qwen-4b-local,item,invalid_occurrence_field,942,113752,0.008281173078275547
0925-06-qwen-4b-local,item,invalid_quote_field,38,113752,0.00033406006048245304
0925-06-qwen-4b-local,item,item_schema,1262,113752,0.01109431042970673
0925-06-qwen-4b-local,item,occurrence_out_of_range,33403,113752,0.29364758421829945
0925-06-qwen-4b-local,item,outside_owned_core,14752,113752,0.12968563190097757
0925-06-qwen-4b-local,item,quote_absent_from_target,25261,113752,0.22207082073282228
0925-06-qwen-4b-local,item,valid,30382,113752,0.2670898094099444
0925-06-qwen-4b-local,request,duplicate_key_requests,20,13723,0.0014574072724622897
0925-06-qwen-4b-local,request,empty_list,685,13723,0.049916199081833416
0925-06-qwen-4b-local,request,format_compliant,6500,13723,0.4736573635502441
0925-06-qwen-4b-local,request,invalid_json,2094,13723,0.15259054142680173
0925-06-qwen-4b-local,request,nonempty_list,10678,13723,0.7781097427676165
0925-06-qwen-4b-local,request,output_truncated,131,13723,0.009546017634627996
0925-06-qwen-4b-local,request,root_schema,135,13723,0.009837499089120455
0925-06-qwen-4b-local,request,strict_rejected,12348,13723,0.8998032500182176
0925-06-qwen-4b-local,request,total,13723,13723,1.0
0925-06-qwen-4b-local,request,whole_fence_parseable,4583,13723,0.33396487648473366
0926-01-qwen-9b-full,gold,empty_list,22614,218664,0.10341894413346504
0926-01-qwen-9b-full,gold,exact_boundary_wrong_category,2040,218664,0.009329382065634946
0926-01-qwen-9b-full,gold,exact_hit,25829,218664,0.1181218673398456
0926-01-qwen-9b-full,gold,invalid_json,10739,218664,0.04911187941316358
0926-01-qwen-9b-full,gold,no_overlapping_prediction,20244,218664,0.09258039732191856
0926-01-qwen-9b-full,gold,output_truncated,4245,218664,0.019413346504225663
0926-01-qwen-9b-full,gold,overlapping_boundary_same_category,8186,218664,0.037436432151611604
0926-01-qwen-9b-full,gold,overlapping_boundary_wrong_category,5300,218664,0.02423810046463981
0926-01-qwen-9b-full,gold,root_schema,5057,218664,0.023126806424468592
0926-01-qwen-9b-full,gold,unresolved_with_rejected_items,114410,218664,0.5232228441810266
0926-01-qwen-9b-full,item,invalid_category,5362,139591,0.03841221855277203
0926-01-qwen-9b-full,item,invalid_occurrence_field,192,139591,0.0013754468411287261
0926-01-qwen-9b-full,item,invalid_quote_field,5,139591,3.5818928154393906e-05
0926-01-qwen-9b-full,item,item_schema,2844,139591,0.020373806334219254
0926-01-qwen-9b-full,item,occurrence_out_of_range,14353,139591,0.10282181516000315
0926-01-qwen-9b-full,item,outside_owned_core,16551,139591,0.11856781597667472
0926-01-qwen-9b-full,item,quote_absent_from_target,57042,139591,0.40863665995658743
0926-01-qwen-9b-full,item,valid,43242,139591,0.30977641825046026
0926-01-qwen-9b-full,request,duplicate_key_requests,79,13723,0.0057567587262260436
0926-01-qwen-9b-full,request,empty_list,2309,13723,0.16825766960577132
0926-01-qwen-9b-full,request,format_compliant,10401,13723,0.7579246520440137
0926-01-qwen-9b-full,request,invalid_json,787,13723,0.0573489761713911
0926-01-qwen-9b-full,request,nonempty_list,10094,13723,0.7355534504117176
0926-01-qwen-9b-full,request,output_truncated,239,13723,0.01741601690592436
0926-01-qwen-9b-full,request,root_schema,294,13723,0.021423886905195658
0926-01-qwen-9b-full,request,strict_rejected,10394,13723,0.7574145594986519
0926-01-qwen-9b-full,request,total,13723,13723,1.0
0926-01-qwen-9b-full,request,whole_fence_parseable,1291,13723,0.0940756394374408
0926-02-qwen-9b-local,gold,empty_list,15046,218664,0.0688087659605605
0926-02-qwen-9b-local,gold,exact_boundary_wrong_category,2987,218664,0.013660227563750777
0926-02-qwen-9b-local,gold,exact_hit,32843,218664,0.15019847803021988
0926-02-qwen-9b-local,gold,invalid_json,10341,218664,0.04729173526506421
0926-02-qwen-9b-local,gold,no_overlapping_prediction,19604,218664,0.08965353236015074
0926-02-qwen-9b-local,gold,output_truncated,1607,218664,0.007349174989938902
0926-02-qwen-9b-local,gold,overlapping_boundary_same_category,11993,218664,0.05484670544762741
0926-02-qwen-9b-local,gold,overlapping_boundary_wrong_category,7396,218664,0.033823583214429444
0926-02-qwen-9b-local,gold,root_schema,3789,218664,0.017327955218966084
0926-02-qwen-9b-local,gold,unresolved_with_rejected_items,113058,218664,0.5170398419492921
0926-02-qwen-9b-local,item,invalid_category,5117,145971,0.03505490816669064
0926-02-qwen-9b-local,item,invalid_occurrence_field,141,145971,0.0009659452905029081
0926-02-qwen-9b-local,item,invalid_quote_field,3,145971,2.0552027457508685e-05
0926-02-qwen-9b-local,item,item_schema,3743,145971,0.025642079591151667
0926-02-qwen-9b-local,item,occurrence_out_of_range,18411,145971,0.12612779250673078
0926-02-qwen-9b-local,item,outside_owned_core,27216,145971,0.1864479930945188
0926-02-qwen-9b-local,item,quote_absent_from_target,32983,145971,0.22595584054366963
0926-02-qwen-9b-local,item,valid,58357,145971,0.3997848887792781
0926-02-qwen-9b-local,request,duplicate_key_requests,56,13723,0.004080740362894411
0926-02-qwen-9b-local,request,empty_list,1897,13723,0.13823507979304817
0926-02-qwen-9b-local,request,format_compliant,10477,13723,0.7634627996793704
0926-02-qwen-9b-local,request,invalid_json,681,13723,0.04962471762734096
0926-02-qwen-9b-local,request,nonempty_list,10842,13723,0.7900604824018072
0926-02-qwen-9b-local,request,output_truncated,84,13723,0.006121110544341616
0926-02-qwen-9b-local,request,root_schema,219,13723,0.01595860963346207
0926-02-qwen-9b-local,request,strict_rejected,10273,13723,0.7485972455002551
0926-02-qwen-9b-local,request,total,13723,13723,1.0
0926-02-qwen-9b-local,request,whole_fence_parseable,1372,13723,0.09997813889091306
0926-03-kanana-8b-full-1438,gold,empty_list,975,218197,0.004468439071114635
0926-03-kanana-8b-full-1438,gold,exact_boundary_wrong_category,1203,218197,0.005513366361590673
0926-03-kanana-8b-full-1438,gold,exact_hit,13280,218197,0.060862431655797286
0926-03-kanana-8b-full-1438,gold,invalid_json,89442,218197,0.409913976819113
0926-03-kanana-8b-full-1438,gold,no_overlapping_prediction,1206,218197,0.00552711540488641
0926-03-kanana-8b-full-1438,gold,output_truncated,12900,218197,0.05912088617167056
0926-03-kanana-8b-full-1438,gold,overlapping_boundary_same_category,5621,218197,0.02576112412177986
0926-03-kanana-8b-full-1438,gold,overlapping_boundary_wrong_category,3325,218197,0.015238522986108883
0926-03-kanana-8b-full-1438,gold,root_schema,3875,218197,0.017759180923660727
0926-03-kanana-8b-full-1438,gold,unresolved_with_rejected_items,86370,218197,0.39583495648427797
0926-03-kanana-8b-full-1438,item,invalid_category,11715,260951,0.04489348575019831
0926-03-kanana-8b-full-1438,item,invalid_occurrence_field,3012,260951,0.011542396848450475
0926-03-kanana-8b-full-1438,item,invalid_quote_field,1210,260951,0.0046368858521331595
0926-03-kanana-8b-full-1438,item,item_schema,8509,260951,0.03260765431057938
0926-03-kanana-8b-full-1438,item,occurrence_out_of_range,9236,260951,0.035393617958927155
0926-03-kanana-8b-full-1438,item,outside_owned_core,15368,260951,0.058892282459159
0926-03-kanana-8b-full-1438,item,quote_absent_from_target,186097,260951,0.713149211921012
0926-03-kanana-8b-full-1438,item,valid,25804,260951,0.09888446489954053
0926-03-kanana-8b-full-1438,request,duplicate_key_requests,43,13653,0.003149490954369003
0926-03-kanana-8b-full-1438,request,empty_list,101,13653,0.007397641543983007
0926-03-kanana-8b-full-1438,request,format_compliant,6293,13653,0.46092433897311946
0926-03-kanana-8b-full-1438,request,invalid_json,5492,13653,0.4022559144510364
0926-03-kanana-8b-full-1438,request,nonempty_list,6950,13653,0.5090456309968505
0926-03-kanana-8b-full-1438,request,output_truncated,873,13653,0.06394199077125906
0926-03-kanana-8b-full-1438,request,root_schema,237,13653,0.01735882223687102
0926-03-kanana-8b-full-1438,request,strict_rejected,13476,13653,0.987035816304109
0926-03-kanana-8b-full-1438,request,total,13653,13653,1.0
0926-03-kanana-8b-full-1438,request,whole_fence_parseable,3,13653,0.00021973192704900023
0926-04-kanana-8b-local-1438,gold,empty_list,311,218197,0.0014253174883247708
0926-04-kanana-8b-local-1438,gold,exact_boundary_wrong_category,2087,218197,0.009564751119401275
0926-04-kanana-8b-local-1438,gold,exact_hit,13967,218197,0.06401096257052113
0926-04-kanana-8b-local-1438,gold,invalid_json,119200,218197,0.5462953202839635
0926-04-kanana-8b-local-1438,gold,no_overlapping_prediction,2775,218197,0.012717865048557039
0926-04-kanana-8b-local-1438,gold,output_truncated,2844,218197,0.013034093044358997
0926-04-kanana-8b-local-1438,gold,overlapping_boundary_same_category,6260,218197,0.028689670343771914
0926-04-kanana-8b-local-1438,gold,overlapping_boundary_wrong_category,5020,218197,0.02300673244820048
0926-04-kanana-8b-local-1438,gold,root_schema,4051,218197,0.01856579146367732
0926-04-kanana-8b-local-1438,gold,unresolved_with_rejected_items,61682,218197,0.2826894961892235
0926-04-kanana-8b-local-1438,item,invalid_category,5643,117066,0.04820357746911998
0926-04-kanana-8b-local-1438,item,invalid_occurrence_field,938,117066,0.008012574103497172
0926-04-kanana-8b-local-1438,item,invalid_quote_field,64,117066,0.0005467001520509798
0926-04-kanana-8b-local-1438,item,item_schema,1822,117066,0.01556386995370133
0926-04-kanana-8b-local-1438,item,occurrence_out_of_range,9256,117066,0.07906650949037296
0926-04-kanana-8b-local-1438,item,outside_owned_core,20658,117066,0.17646455845420533
0926-04-kanana-8b-local-1438,item,quote_absent_from_target,45320,117066,0.38713204517110006
0926-04-kanana-8b-local-1438,item,valid,33365,117066,0.2850101652059522
0926-04-kanana-8b-local-1438,request,duplicate_key_requests,28,13653,0.002050831319124002
0926-04-kanana-8b-local-1438,request,empty_list,32,13653,0.002343807221856002
0926-04-kanana-8b-local-1438,request,format_compliant,5462,13653,0.4000585951805464
0926-04-kanana-8b-local-1438,request,invalid_json,7465,13653,0.5467662784735956
0926-04-kanana-8b-local-1438,request,nonempty_list,5706,13653,0.4179301252471984
0926-04-kanana-8b-local-1438,request,output_truncated,176,13653,0.012890939720208014
0926-04-kanana-8b-local-1438,request,root_schema,274,13653,0.02006884933714202
0926-04-kanana-8b-local-1438,request,strict_rejected,13316,13653,0.9753167801948289
0926-04-kanana-8b-local-1438,request,total,13653,13653,1.0
0926-04-kanana-8b-local-1438,request,whole_fence_parseable,2,13653,0.00014648795136600013
0928-01-exaone-33b-full,gold,empty_list,41912,218664,0.19167306918377053
0928-01-exaone-33b-full,gold,exact_boundary_wrong_category,2679,218664,0.01225167380090001
0928-01-exaone-33b-full,gold,exact_hit,19832,218664,0.09069622800278052
0928-01-exaone-33b-full,gold,invalid_json,39326,218664,0.1798467054476274
0928-01-exaone-33b-full,gold,no_overlapping_prediction,5530,218664,0.025289942560275124
0928-01-exaone-33b-full,gold,output_truncated,26518,218664,0.12127282040024878
0928-01-exaone-33b-full,gold,overlapping_boundary_same_category,7484,218664,0.03422602714667252
0928-01-exaone-33b-full,gold,overlapping_boundary_wrong_category,6721,218664,0.03073665532506494
0928-01-exaone-33b-full,gold,root_schema,3448,218664,0.015768484981524163
0928-01-exaone-33b-full,gold,unresolved_with_rejected_items,65214,218664,0.298238393151136
0928-01-exaone-33b-full,item,invalid_category,12206,230356,0.05298754970567296
0928-01-exaone-33b-full,item,invalid_occurrence_field,1487,230356,0.006455225824376183
0928-01-exaone-33b-full,item,invalid_quote_field,2588,230356,0.011234784420635885
0928-01-exaone-33b-full,item,item_schema,3253,230356,0.014121620448349512
0928-01-exaone-33b-full,item,occurrence_out_of_range,27914,230356,0.12117765545503481
0928-01-exaone-33b-full,item,outside_owned_core,19364,230356,0.0840611922415739
0928-01-exaone-33b-full,item,quote_absent_from_target,119542,230356,0.5189445901126951
0928-01-exaone-33b-full,item,valid,44002,230356,0.1910173817916616
0928-01-exaone-33b-full,request,duplicate_key_requests,47,13723,0.0034249070902863804
0928-01-exaone-33b-full,request,empty_list,3618,13723,0.2636449755884282
0928-01-exaone-33b-full,request,format_compliant,8629,13723,0.6287983677038549
0928-01-exaone-33b-full,request,invalid_json,2318,13723,0.16891350287837936
0928-01-exaone-33b-full,request,nonempty_list,6024,13723,0.4389710704656416
0928-01-exaone-33b-full,request,output_truncated,1578,13723,0.11498943379727465
0928-01-exaone-33b-full,request,root_schema,185,13723,0.013481017270276178
0928-01-exaone-33b-full,request,strict_rejected,9604,13723,0.6998469722363915
0928-01-exaone-33b-full,request,total,13723,13723,1.0
0928-01-exaone-33b-full,request,whole_fence_parseable,0,13723,0.0
0928-02-exaone-33b-local,gold,empty_list,47567,218664,0.21753466505689092
0928-02-exaone-33b-local,gold,exact_boundary_wrong_category,3717,218664,0.016998682910767206
0928-02-exaone-33b-local,gold,exact_hit,31332,218664,0.14328833278454614
0928-02-exaone-33b-local,gold,invalid_json,27965,218664,0.12789027914974574
0928-02-exaone-33b-local,gold,no_overlapping_prediction,8535,218664,0.039032488201075626
0928-02-exaone-33b-local,gold,output_truncated,4120,218664,0.018841693191380383
0928-02-exaone-33b-local,gold,overlapping_boundary_same_category,12509,218664,0.05720649032305272
0928-02-exaone-33b-local,gold,overlapping_boundary_wrong_category,8410,218664,0.03846083488823034
0928-02-exaone-33b-local,gold,root_schema,2524,218664,0.011542823692971866
0928-02-exaone-33b-local,gold,unresolved_with_rejected_items,71985,218664,0.32920370980133906
0928-02-exaone-33b-local,item,invalid_category,7098,215241,0.03297698858488857
0928-02-exaone-33b-local,item,invalid_occurrence_field,1377,215241,0.00639748003400839
0928-02-exaone-33b-local,item,invalid_quote_field,3022,215241,0.014040076007823789
0928-02-exaone-33b-local,item,item_schema,2851,215241,0.01324561770294693
0928-02-exaone-33b-local,item,occurrence_out_of_range,48173,215241,0.22380959018030952
0928-02-exaone-33b-local,item,outside_owned_core,38830,215241,0.18040243262203762
0928-02-exaone-33b-local,item,quote_absent_from_target,44029,215241,0.2045567526632937
0928-02-exaone-33b-local,item,valid,69861,215241,0.3245710622046915
0928-02-exaone-33b-local,request,duplicate_key_requests,36,13723,0.0026233330904321213
0928-02-exaone-33b-local,request,empty_list,4098,13723,0.29862275012752315
0928-02-exaone-33b-local,request,format_compliant,10996,13723,0.8012825183997668
0928-02-exaone-33b-local,request,invalid_json,1399,13723,0.10194563870873716
0928-02-exaone-33b-local,request,nonempty_list,7923,13723,0.577351890985936
0928-02-exaone-33b-local,request,output_truncated,182,13723,0.013262406179406836
0928-02-exaone-33b-local,request,root_schema,121,13723,0.008817313998396852
0928-02-exaone-33b-local,request,strict_rejected,8791,13723,0.6406033666107994
0928-02-exaone-33b-local,request,total,13723,13723,1.0
0928-02-exaone-33b-local,request,whole_fence_parseable,1,13723,7.287036362311447e-05
0928-03-qwen3-30b-full,gold,empty_list,100873,218664,0.4613150770131343
0928-03-qwen3-30b-full,gold,exact_boundary_wrong_category,621,218664,0.002839973658215344
0928-03-qwen3-30b-full,gold,exact_hit,13796,218664,0.06309223283210771
0928-03-qwen3-30b-full,gold,invalid_json,3275,218664,0.014977316796546299
0928-03-qwen3-30b-full,gold,no_overlapping_prediction,2425,218664,0.011090074269198405
0928-03-qwen3-30b-full,gold,output_truncated,19348,218664,0.0884827863754436
0928-03-qwen3-30b-full,gold,overlapping_boundary_same_category,6012,218664,0.02749423773460652
0928-03-qwen3-30b-full,gold,overlapping_boundary_wrong_category,2341,218664,0.010705923242966377
0928-03-qwen3-30b-full,gold,unresolved_with_rejected_items,69973,218664,0.3200023780777814
0928-03-qwen3-30b-full,item,invalid_category,3012,147444,0.020428094734271995
0928-03-qwen3-30b-full,item,item_schema,33,147444,0.00022381378692927484
0928-03-qwen3-30b-full,item,occurrence_out_of_range,31338,147444,0.21254171075120046
0928-03-qwen3-30b-full,item,outside_owned_core,10038,147444,0.06808008464230487
0928-03-qwen3-30b-full,item,quote_absent_from_target,79312,147444,0.5379126990586256
0928-03-qwen3-30b-full,item,valid,23711,147444,0.16081359702666775
0928-03-qwen3-30b-full,request,duplicate_key_requests,3,13723,0.00021861109086934345
0928-03-qwen3-30b-full,request,empty_list,7282,13723,0.5306419879035197
0928-03-qwen3-30b-full,request,format_compliant,12408,13723,0.9041754718356044
0928-03-qwen3-30b-full,request,invalid_json,157,13723,0.011440647088828974
0928-03-qwen3-30b-full,request,nonempty_list,5157,13723,0.37579246520440135
0928-03-qwen3-30b-full,request,output_truncated,1127,13723,0.08212489980325002
0928-03-qwen3-30b-full,request,strict_rejected,6239,13723,0.45463819864461125
0928-03-qwen3-30b-full,request,total,13723,13723,1.0
0928-03-qwen3-30b-full,request,whole_fence_parseable,0,13723,0.0
0928-04-qwen3-30b-local,gold,empty_list,23673,218664,0.10826199099989024
0928-04-qwen3-30b-local,gold,exact_boundary_wrong_category,1473,218664,0.006736362638568763
0928-04-qwen3-30b-local,gold,exact_hit,25895,218664,0.11842370028902792
0928-04-qwen3-30b-local,gold,invalid_json,4586,218664,0.02097281674166758
0928-04-qwen3-30b-local,gold,no_overlapping_prediction,8692,218664,0.03975048476200929
0928-04-qwen3-30b-local,gold,output_truncated,11404,218664,0.052153075037500454
0928-04-qwen3-30b-local,gold,overlapping_boundary_same_category,13487,218664,0.06167910584275418
0928-04-qwen3-30b-local,gold,overlapping_boundary_wrong_category,5531,218664,0.025294515786777886
0928-04-qwen3-30b-local,gold,unresolved_with_rejected_items,123923,218664,0.5667279479018037
0928-04-qwen3-30b-local,item,invalid_category,3404,172786,0.01970067019318695
0928-04-qwen3-30b-local,item,item_schema,44,172786,0.0002546502610165175
0928-04-qwen3-30b-local,item,occurrence_out_of_range,61750,172786,0.3573784913129536
0928-04-qwen3-30b-local,item,outside_owned_core,25075,172786,0.14512171124975404
0928-04-qwen3-30b-local,item,quote_absent_from_target,33161,172786,0.19191948421747132
0928-04-qwen3-30b-local,item,valid,49352,172786,0.2856249927656176
0928-04-qwen3-30b-local,request,duplicate_key_requests,4,13723,0.0002914814544924579
0928-04-qwen3-30b-local,request,empty_list,2417,13723,0.17612766887706768
0928-04-qwen3-30b-local,request,format_compliant,12869,13723,0.9377687094658602
0928-04-qwen3-30b-local,request,invalid_json,174,13723,0.01267944327042192
0928-04-qwen3-30b-local,request,nonempty_list,10480,13723,0.7636814107702398
0928-04-qwen3-30b-local,request,output_truncated,652,13723,0.04751147708227064
0928-04-qwen3-30b-local,request,strict_rejected,10337,13723,0.7532609487721343
0928-04-qwen3-30b-local,request,total,13723,13723,1.0
0928-04-qwen3-30b-local,request,whole_fence_parseable,2,13723,0.00014574072724622895
0928-01-gemma4-e2b-full,gold,empty_list,93084,218664,0.42569421578311933
0928-01-gemma4-e2b-full,gold,exact_boundary_wrong_category,2164,218664,0.009896462151977464
0928-01-gemma4-e2b-full,gold,exact_hit,15075,218664,0.0689413895291406
0928-01-gemma4-e2b-full,gold,invalid_json,13897,218664,0.06355412870888669
0928-01-gemma4-e2b-full,gold,no_overlapping_prediction,18167,218664,0.08308180587568141
0928-01-gemma4-e2b-full,gold,output_truncated,1457,218664,0.006663191014524567
0928-01-gemma4-e2b-full,gold,overlapping_boundary_same_category,5824,218664,0.02663447115208722
0928-01-gemma4-e2b-full,gold,overlapping_boundary_wrong_category,3709,218664,0.016962097098745108
0928-01-gemma4-e2b-full,gold,root_schema,9,218664,4.115903852486006e-05
0928-01-gemma4-e2b-full,gold,unresolved_with_rejected_items,65278,218664,0.2985310796473128
0928-01-gemma4-e2b-full,item,invalid_category,330,93634,0.0035243608091078027
0928-01-gemma4-e2b-full,item,invalid_occurrence_field,5,93634,5.339940619860307e-05
0928-01-gemma4-e2b-full,item,invalid_quote_field,4,93634,4.271952495888246e-05
0928-01-gemma4-e2b-full,item,item_schema,1203,93634,0.012847897131383899
0928-01-gemma4-e2b-full,item,occurrence_out_of_range,1690,93634,0.01804899929512784
0928-01-gemma4-e2b-full,item,outside_owned_core,13360,93634,0.1426832133626674
0928-01-gemma4-e2b-full,item,quote_absent_from_target,45865,93634,0.48983275305978596
0928-01-gemma4-e2b-full,item,valid,31177,93634,0.3329666574107696
0928-01-gemma4-e2b-full,request,duplicate_key_requests,0,13723,0.0
0928-01-gemma4-e2b-full,request,empty_list,6407,13723,0.46688041973329447
0928-01-gemma4-e2b-full,request,format_compliant,5,13723,0.0003643518181155724
0928-01-gemma4-e2b-full,request,invalid_json,770,13723,0.05611017998979815
0928-01-gemma4-e2b-full,request,nonempty_list,6454,13723,0.47030532682358084
0928-01-gemma4-e2b-full,request,output_truncated,91,13723,0.006631203089703418
0928-01-gemma4-e2b-full,request,root_schema,1,13723,7.287036362311447e-05
0928-01-gemma4-e2b-full,request,strict_rejected,13718,13723,0.9996356481818844
0928-01-gemma4-e2b-full,request,total,13723,13723,1.0
0928-01-gemma4-e2b-full,request,whole_fence_parseable,12856,13723,0.9368213947387597
0928-01-gemma4-e2b-local,gold,empty_list,102544,218664,0.46895693849924996
0928-01-gemma4-e2b-local,gold,exact_boundary_wrong_category,2531,218664,0.0115748362784912
0928-01-gemma4-e2b-local,gold,exact_hit,16840,218664,0.07701313430651593
0928-01-gemma4-e2b-local,gold,invalid_json,5868,218664,0.02683569311820876
0928-01-gemma4-e2b-local,gold,no_overlapping_prediction,20086,218664,0.09185782753448213
0928-01-gemma4-e2b-local,gold,output_truncated,21,218664,9.603775655800681e-05
0928-01-gemma4-e2b-local,gold,overlapping_boundary_same_category,6783,218664,0.0310201953682362
0928-01-gemma4-e2b-local,gold,overlapping_boundary_wrong_category,3665,218664,0.01676087513262357
0928-01-gemma4-e2b-local,gold,unresolved_with_rejected_items,60326,218664,0.2758844620056342
0928-01-gemma4-e2b-local,item,invalid_category,170,61368,0.0027701733802633294
0928-01-gemma4-e2b-local,item,invalid_occurrence_field,1,61368,1.629513753096076e-05
0928-01-gemma4-e2b-local,item,invalid_quote_field,2,61368,3.259027506192152e-05
0928-01-gemma4-e2b-local,item,item_schema,1369,61368,0.02230804327988528
0928-01-gemma4-e2b-local,item,occurrence_out_of_range,1336,61368,0.021770303741363576
0928-01-gemma4-e2b-local,item,outside_owned_core,13514,61368,0.22021248859340373
0928-01-gemma4-e2b-local,item,quote_absent_from_target,12476,61368,0.20329813583626646
0928-01-gemma4-e2b-local,item,valid,32500,61368,0.5295919697562247
0928-01-gemma4-e2b-local,request,duplicate_key_requests,0,13723,0.0
0928-01-gemma4-e2b-local,request,empty_list,7425,13723,0.541062449901625
0928-01-gemma4-e2b-local,request,format_compliant,175,13723,0.012752313634045035
0928-01-gemma4-e2b-local,request,invalid_json,248,13723,0.01807185017853239
0928-01-gemma4-e2b-local,request,nonempty_list,6049,13723,0.4407928295562195
0928-01-gemma4-e2b-local,request,output_truncated,1,13723,7.287036362311447e-05
0928-01-gemma4-e2b-local,request,strict_rejected,13583,13723,0.989798149092764
0928-01-gemma4-e2b-local,request,total,13723,13723,1.0
0928-01-gemma4-e2b-local,request,whole_fence_parseable,13298,13723,0.9690300954601764
0928-02-gemma4-e4b-full,gold,empty_list,6114,218664,0.027960706837888268
0928-02-gemma4-e4b-full,gold,exact_boundary_wrong_category,1560,218664,0.007134233344309077
0928-02-gemma4-e4b-full,gold,exact_hit,27629,218664,0.12635367504481762
0928-02-gemma4-e4b-full,gold,invalid_json,9445,218664,0.04319412431858925
0928-02-gemma4-e4b-full,gold,no_overlapping_prediction,40855,218664,0.18683916877035087
0928-02-gemma4-e4b-full,gold,output_truncated,6224,218664,0.028463761753192113
0928-02-gemma4-e4b-full,gold,overlapping_boundary_same_category,7756,218664,0.035469944755423845
0928-02-gemma4-e4b-full,gold,overlapping_boundary_wrong_category,4858,218664,0.022216734350418908
0928-02-gemma4-e4b-full,gold,root_schema,89,218664,0.0004070171587458384
0928-02-gemma4-e4b-full,gold,unresolved_with_rejected_items,114134,218664,0.5219606336662642
0928-02-gemma4-e4b-full,item,invalid_category,246,171669,0.001432990231200741
0928-02-gemma4-e4b-full,item,invalid_occurrence_field,28,171669,0.00016310457916105995
0928-02-gemma4-e4b-full,item,invalid_quote_field,4,171669,2.3300654165865707e-05
0928-02-gemma4-e4b-full,item,item_schema,16657,171669,0.09702974911020627
0928-02-gemma4-e4b-full,item,occurrence_out_of_range,11027,171669,0.06423407837175028
0928-02-gemma4-e4b-full,item,outside_owned_core,20922,171669,0.12187407161456058
0928-02-gemma4-e4b-full,item,quote_absent_from_target,80198,171669,0.4671664656985245
0928-02-gemma4-e4b-full,item,valid,42587,171669,0.24807623974043072
0928-02-gemma4-e4b-full,request,duplicate_key_requests,16,13723,0.0011659258179698316
0928-02-gemma4-e4b-full,request,empty_list,771,13723,0.05618305035342126
0928-02-gemma4-e4b-full,request,format_compliant,11527,13723,0.8399766814836406
0928-02-gemma4-e4b-full,request,invalid_json,553,13723,0.04029731108358231
0928-02-gemma4-e4b-full,request,nonempty_list,12067,13723,0.8793266778401224
0928-02-gemma4-e4b-full,request,output_truncated,329,13723,0.023974349632004663
0928-02-gemma4-e4b-full,request,root_schema,3,13723,0.00021861109086934345
0928-02-gemma4-e4b-full,request,strict_rejected,10103,13723,0.7362092836843256
0928-02-gemma4-e4b-full,request,total,13723,13723,1.0
0928-02-gemma4-e4b-full,request,whole_fence_parseable,0,13723,0.0
0928-02-gemma4-e4b-local,gold,empty_list,8796,218664,0.04022610031829656
0928-02-gemma4-e4b-local,gold,exact_boundary_wrong_category,2595,218664,0.011867522774667984
0928-02-gemma4-e4b-local,gold,exact_hit,37131,218664,0.16980847327406431
0928-02-gemma4-e4b-local,gold,invalid_json,7629,218664,0.034889144989573045
0928-02-gemma4-e4b-local,gold,no_overlapping_prediction,41390,218664,0.18928584494932865
0928-02-gemma4-e4b-local,gold,output_truncated,22,218664,0.00010061098306076903
0928-02-gemma4-e4b-local,gold,overlapping_boundary_same_category,11864,218664,0.05425675922877108
0928-02-gemma4-e4b-local,gold,overlapping_boundary_wrong_category,6793,218664,0.03106592763326382
0928-02-gemma4-e4b-local,gold,root_schema,43,218664,0.00019664873961877584
0928-02-gemma4-e4b-local,gold,unresolved_with_rejected_items,102401,218664,0.468302967109355
0928-02-gemma4-e4b-local,item,invalid_category,107,123781,0.0008644299205855503
0928-02-gemma4-e4b-local,item,invalid_occurrence_field,1,123781,8.078784304537853e-06
0928-02-gemma4-e4b-local,item,invalid_quote_field,5,123781,4.039392152268926e-05
0928-02-gemma4-e4b-local,item,item_schema,12277,123781,0.09918323490681122
0928-02-gemma4-e4b-local,item,occurrence_out_of_range,6653,123781,0.05374815197809034
0928-02-gemma4-e4b-local,item,outside_owned_core,32096,123781,0.25929666103844695
0928-02-gemma4-e4b-local,item,quote_absent_from_target,14522,123781,0.1173201056704987
0928-02-gemma4-e4b-local,item,valid,58120,123781,0.46953894377974004
0928-02-gemma4-e4b-local,request,duplicate_key_requests,17,13723,0.001238796181592946
0928-02-gemma4-e4b-local,request,empty_list,1218,13723,0.08875610289295344
0928-02-gemma4-e4b-local,request,format_compliant,11986,13723,0.8734241783866501
0928-02-gemma4-e4b-local,request,invalid_json,353,13723,0.02572323835895941
0928-02-gemma4-e4b-local,request,nonempty_list,12148,13723,0.8852291772935947
0928-02-gemma4-e4b-local,request,output_truncated,1,13723,7.287036362311447e-05
0928-02-gemma4-e4b-local,request,root_schema,3,13723,0.00021861109086934345
0928-02-gemma4-e4b-local,request,strict_rejected,9028,13723,0.6578736427894775
0928-02-gemma4-e4b-local,request,total,13723,13723,1.0
0928-02-gemma4-e4b-local,request,whole_fence_parseable,0,13723,0.0
0928-03-gemma4-12b-full,gold,empty_list,8473,218664,0.03874894815790436
0928-03-gemma4-12b-full,gold,exact_boundary_wrong_category,2784,218664,0.012731862583690044
0928-03-gemma4-12b-full,gold,exact_hit,57175,218664,0.2614742252954304
0928-03-gemma4-12b-full,gold,invalid_json,21223,218664,0.09705758606812279
0928-03-gemma4-12b-full,gold,no_overlapping_prediction,13501,218664,0.06174313101379285
0928-03-gemma4-12b-full,gold,output_truncated,7748,218664,0.03543335894340175
0928-03-gemma4-12b-full,gold,overlapping_boundary_same_category,23137,218664,0.10581074159440969
0928-03-gemma4-12b-full,gold,overlapping_boundary_wrong_category,10877,218664,0.04974298467054476
0928-03-gemma4-12b-full,gold,root_schema,20,218664,9.146453005524457e-05
0928-03-gemma4-12b-full,gold,unresolved_with_rejected_items,73726,218664,0.3371656971426481
0928-03-gemma4-12b-full,item,invalid_category,26,180723,0.00014386658034671847
0928-03-gemma4-12b-full,item,invalid_occurrence_field,1,180723,5.5333300133353255e-06
0928-03-gemma4-12b-full,item,item_schema,20,180723,0.00011066660026670651
0928-03-gemma4-12b-full,item,occurrence_out_of_range,13145,180723,0.07273562302529285
0928-03-gemma4-12b-full,item,outside_owned_core,56590,180723,0.31313114545464604
0928-03-gemma4-12b-full,item,quote_absent_from_target,15619,180723,0.08642508147828444
0928-03-gemma4-12b-full,item,valid,95322,180723,0.5274480835311499
0928-03-gemma4-12b-full,request,duplicate_key_requests,0,13723,0.0
0928-03-gemma4-12b-full,request,empty_list,1673,13723,0.12191211834147052
0928-03-gemma4-12b-full,request,format_compliant,761,13723,0.05545434671719012
0928-03-gemma4-12b-full,request,invalid_json,780,13723,0.05683888362602929
0928-03-gemma4-12b-full,request,nonempty_list,10897,13723,0.7940683524010785
0928-03-gemma4-12b-full,request,output_truncated,372,13723,0.027107775267798586
0928-03-gemma4-12b-full,request,root_schema,1,13723,7.287036362311447e-05
0928-03-gemma4-12b-full,request,strict_rejected,13004,13723,0.9476062085549807
0928-03-gemma4-12b-full,request,total,13723,13723,1.0
0928-03-gemma4-12b-full,request,whole_fence_parseable,11809,13723,0.8605261240253589
0928-03-gemma4-12b-local,gold,empty_list,5263,218664,0.02406889108403761
0928-03-gemma4-12b-local,gold,exact_boundary_wrong_category,3477,218664,0.01590110855010427
0928-03-gemma4-12b-local,gold,exact_hit,63081,218664,0.28848370102074417
0928-03-gemma4-12b-local,gold,invalid_json,22891,218664,0.10468572787473018
0928-03-gemma4-12b-local,gold,no_overlapping_prediction,10553,218664,0.0482612592836498
0928-03-gemma4-12b-local,gold,output_truncated,604,218664,0.002762228807668386
0928-03-gemma4-12b-local,gold,overlapping_boundary_same_category,29836,218664,0.13644678593641385
0928-03-gemma4-12b-local,gold,overlapping_boundary_wrong_category,12443,218664,0.05690465737387041
0928-03-gemma4-12b-local,gold,unresolved_with_rejected_items,70516,218664,0.32248564006878133
0928-03-gemma4-12b-local,item,invalid_category,5,206282,2.4238663577045015e-05
0928-03-gemma4-12b-local,item,item_schema,12,206282,5.8172792584908035e-05
0928-03-gemma4-12b-local,item,occurrence_out_of_range,14105,206282,0.06837726995084399
0928-03-gemma4-12b-local,item,outside_owned_core,72208,206282,0.3500450839142533
0928-03-gemma4-12b-local,item,quote_absent_from_target,5907,206282,0.02863555714992098
0928-03-gemma4-12b-local,item,valid,114045,206282,0.5528596775288198
0928-03-gemma4-12b-local,request,duplicate_key_requests,0,13723,0.0
0928-03-gemma4-12b-local,request,empty_list,1069,13723,0.07789841871310937
0928-03-gemma4-12b-local,request,format_compliant,762,13723,0.055527217080813235
0928-03-gemma4-12b-local,request,invalid_json,879,13723,0.06405304962471763
0928-03-gemma4-12b-local,request,nonempty_list,11752,13723,0.8563725132988413
0928-03-gemma4-12b-local,request,output_truncated,23,13723,0.001676018363331633
0928-03-gemma4-12b-local,request,strict_rejected,13037,13723,0.9500109305545434
0928-03-gemma4-12b-local,request,total,13723,13723,1.0
0928-03-gemma4-12b-local,request,whole_fence_parseable,12059,13723,0.8787437149311375
0928-04-gemma4-26b-a4b-full,gold,empty_list,9137,218664,0.041785570555738484
0928-04-gemma4-26b-a4b-full,gold,exact_boundary_wrong_category,1768,218664,0.00808546445688362
0928-04-gemma4-26b-a4b-full,gold,exact_hit,53798,218664,0.24603043939560237
0928-04-gemma4-26b-a4b-full,gold,invalid_json,5341,218664,0.024425602751253064
0928-04-gemma4-26b-a4b-full,gold,no_overlapping_prediction,16638,218664,0.07608934255295796
0928-04-gemma4-26b-a4b-full,gold,output_truncated,3299,218664,0.015087074232612593
0928-04-gemma4-26b-a4b-full,gold,overlapping_boundary_same_category,24092,218664,0.11017817290454762
0928-04-gemma4-26b-a4b-full,gold,overlapping_boundary_wrong_category,9358,218664,0.04279625361284894
0928-04-gemma4-26b-a4b-full,gold,root_schema,4,218664,1.8292906011048917e-05
0928-04-gemma4-26b-a4b-full,gold,unresolved_with_rejected_items,95229,218664,0.43550378663154427
0928-04-gemma4-26b-a4b-full,item,invalid_category,21,161623,0.0001299320022521547
0928-04-gemma4-26b-a4b-full,item,item_schema,117,161623,0.0007239068696905762
0928-04-gemma4-26b-a4b-full,item,occurrence_out_of_range,6357,161623,0.03933227325318797
0928-04-gemma4-26b-a4b-full,item,outside_owned_core,60614,161623,0.37503325640533836
0928-04-gemma4-26b-a4b-full,item,quote_absent_from_target,2004,161623,0.01239922535777705
0928-04-gemma4-26b-a4b-full,item,valid,92510,161623,0.5723814061117539
0928-04-gemma4-26b-a4b-full,request,duplicate_key_requests,52,13723,0.003789258908401953
0928-04-gemma4-26b-a4b-full,request,empty_list,1687,13723,0.12293230343219412
0928-04-gemma4-26b-a4b-full,request,format_compliant,13143,13723,0.9577351890985936
0928-04-gemma4-26b-a4b-full,request,invalid_json,204,13723,0.014865554179115354
0928-04-gemma4-26b-a4b-full,request,nonempty_list,11683,13723,0.8513444582088464
0928-04-gemma4-26b-a4b-full,request,output_truncated,148,13723,0.010784813816220942
0928-04-gemma4-26b-a4b-full,request,root_schema,1,13723,7.287036362311447e-05
0928-04-gemma4-26b-a4b-full,request,strict_rejected,9553,13723,0.6961305836916126
0928-04-gemma4-26b-a4b-full,request,total,13723,13723,1.0
0928-04-gemma4-26b-a4b-full,request,whole_fence_parseable,141,13723,0.010274721270859141
0928-04-gemma4-26b-a4b-local,gold,empty_list,4465,218664,0.02041945633483335
0928-04-gemma4-26b-a4b-local,gold,exact_boundary_wrong_category,2221,218664,0.01015713606263491
0928-04-gemma4-26b-a4b-local,gold,exact_hit,59477,218664,0.2720017927047891
0928-04-gemma4-26b-a4b-local,gold,invalid_json,6980,218664,0.031921120989280356
0928-04-gemma4-26b-a4b-local,gold,no_overlapping_prediction,12380,218664,0.05661654410419639
0928-04-gemma4-26b-a4b-local,gold,output_truncated,919,218664,0.004202795156038488
0928-04-gemma4-26b-a4b-local,gold,overlapping_boundary_same_category,31676,218664,0.14486152270149635
0928-04-gemma4-26b-a4b-local,gold,overlapping_boundary_wrong_category,10908,218664,0.04988475469213039
0928-04-gemma4-26b-a4b-local,gold,root_schema,33,218664,0.00015091647459115356
0928-04-gemma4-26b-a4b-local,gold,unresolved_with_rejected_items,89605,218664,0.4097839607800095
0928-04-gemma4-26b-a4b-local,item,invalid_category,46,199352,0.00023074762229623983
0928-04-gemma4-26b-a4b-local,item,item_schema,34,199352,0.0001705525903928729
0928-04-gemma4-26b-a4b-local,item,occurrence_out_of_range,6723,199352,0.03372426662386131
0928-04-gemma4-26b-a4b-local,item,outside_owned_core,76806,199352,0.3852783016974999
0928-04-gemma4-26b-a4b-local,item,quote_absent_from_target,1334,199352,0.006691681046590955
0928-04-gemma4-26b-a4b-local,item,valid,114409,199352,0.5739044504193587
0928-04-gemma4-26b-a4b-local,request,duplicate_key_requests,44,13723,0.003206295999417037
0928-04-gemma4-26b-a4b-local,request,empty_list,986,13723,0.07185017853239088
0928-04-gemma4-26b-a4b-local,request,format_compliant,13188,13723,0.9610143554616337
0928-04-gemma4-26b-a4b-local,request,invalid_json,291,13723,0.021205275814326314
0928-04-gemma4-26b-a4b-local,request,nonempty_list,12405,13723,0.9039568607447351
0928-04-gemma4-26b-a4b-local,request,output_truncated,40,13723,0.0029148145449245794
0928-04-gemma4-26b-a4b-local,request,root_schema,1,13723,7.287036362311447e-05
0928-04-gemma4-26b-a4b-local,request,strict_rejected,10490,13723,0.7644101144064709
0928-04-gemma4-26b-a4b-local,request,total,13723,13723,1.0
0928-04-gemma4-26b-a4b-local,request,whole_fence_parseable,147,13723,0.010711943452597829
0929-05-gemma4-31b-fp8-full,gold,empty_list,2463,218664,0.01126385687630337
0929-05-gemma4-31b-fp8-full,gold,exact_boundary_wrong_category,984,218664,0.004500054878718033
0929-05-gemma4-31b-fp8-full,gold,exact_hit,69070,218664,0.31587275454578717
0929-05-gemma4-31b-fp8-full,gold,invalid_json,28524,218664,0.1304467127647898
0929-05-gemma4-31b-fp8-full,gold,no_overlapping_prediction,8561,218664,0.03915139209014744
0929-05-gemma4-31b-fp8-full,gold,output_truncated,37,218664,0.00016920938060220248
0929-05-gemma4-31b-fp8-full,gold,overlapping_boundary_same_category,44498,218664,0.20349943291991365
0929-05-gemma4-31b-fp8-full,gold,overlapping_boundary_wrong_category,11897,218664,0.05440767570336224
0929-05-gemma4-31b-fp8-full,gold,unresolved_with_rejected_items,52630,218664,0.2406889108403761
0929-05-gemma4-31b-fp8-full,item,item_schema,4042,238803,0.01692608551818863
0929-05-gemma4-31b-fp8-full,item,occurrence_out_of_range,2696,238803,0.011289640414902661
0929-05-gemma4-31b-fp8-full,item,outside_owned_core,93086,238803,0.38980247316826006
0929-05-gemma4-31b-fp8-full,item,quote_absent_from_target,2451,238803,0.010263690154646298
0929-05-gemma4-31b-fp8-full,item,valid,136528,238803,0.5717181107440024
0929-05-gemma4-31b-fp8-full,request,duplicate_key_requests,4,13723,0.0002914814544924579
0929-05-gemma4-31b-fp8-full,request,empty_list,788,13723,0.05742184653501421
0929-05-gemma4-31b-fp8-full,request,format_compliant,683,13723,0.04977045835458719
0929-05-gemma4-31b-fp8-full,request,invalid_json,907,13723,0.06609341980616483
0929-05-gemma4-31b-fp8-full,request,nonempty_list,12026,13723,0.8763389929315747
0929-05-gemma4-31b-fp8-full,request,output_truncated,2,13723,0.00014574072724622895
0929-05-gemma4-31b-fp8-full,request,strict_rejected,13069,13723,0.9523427821904832
0929-05-gemma4-31b-fp8-full,request,total,13723,13723,1.0
0929-05-gemma4-31b-fp8-full,request,whole_fence_parseable,12130,13723,0.8839175107483787
0929-05-gemma4-31b-fp8-local,gold,empty_list,1179,218664,0.005391834046756668
0929-05-gemma4-31b-fp8-local,gold,exact_boundary_wrong_category,1432,218664,0.006548860351955512
0929-05-gemma4-31b-fp8-local,gold,exact_hit,76230,218664,0.3486170563055647
0929-05-gemma4-31b-fp8-local,gold,invalid_json,24203,218664,0.11068580104635423
0929-05-gemma4-31b-fp8-local,gold,no_overlapping_prediction,7548,218664,0.0345187136428493
0929-05-gemma4-31b-fp8-local,gold,overlapping_boundary_same_category,51022,218664,0.23333516262393444
0929-05-gemma4-31b-fp8-local,gold,overlapping_boundary_wrong_category,12314,218664,0.05631471115501409
0929-05-gemma4-31b-fp8-local,gold,unresolved_with_rejected_items,44736,218664,0.20458786082757108
0929-05-gemma4-31b-fp8-local,item,invalid_category,1,264567,3.7797608923259516e-06
0929-05-gemma4-31b-fp8-local,item,item_schema,2824,264567,0.010674044759928487
0929-05-gemma4-31b-fp8-local,item,occurrence_out_of_range,2149,264567,0.00812270615760847
0929-05-gemma4-31b-fp8-local,item,outside_owned_core,98200,264567,0.37117251962640846
0929-05-gemma4-31b-fp8-local,item,quote_absent_from_target,1394,264567,0.005268986683902376
0929-05-gemma4-31b-fp8-local,item,valid,159999,264567,0.60475796301126
0929-05-gemma4-31b-fp8-local,request,duplicate_key_requests,4,13723,0.0002914814544924579
0929-05-gemma4-31b-fp8-local,request,empty_list,572,13723,0.04168184799242148
0929-05-gemma4-31b-fp8-local,request,format_compliant,626,13723,0.04561684762806966
0929-05-gemma4-31b-fp8-local,request,invalid_json,787,13723,0.0573489761713911
0929-05-gemma4-31b-fp8-local,request,nonempty_list,12364,13723,0.9009691758361874
0929-05-gemma4-31b-fp8-local,request,strict_rejected,13136,13723,0.9572250965532318
0929-05-gemma4-31b-fp8-local,request,total,13723,13723,1.0
0929-05-gemma4-31b-fp8-local,request,whole_fence_parseable,12304,13723,0.8965969540188006
