run,model,condition,documents,requests,gold,parsed_items,invalid_items,detection_recall,gold_exact_hit,gold_exact_hit_rate,gold_unusable_output,gold_unusable_output_rate,gold_empty_output,gold_empty_output_rate,gold_boundary_or_category,gold_boundary_or_category_rate,gold_unresolved_rejected,gold_unresolved_rejected_rate,gold_no_overlap,gold_no_overlap_rate,request_format_compliant_rate,request_whole_fence_parseable_rate,request_empty_list_rate,request_invalid_json_rate,request_root_schema_rate,request_output_truncated_rate,request_other_terminal_failure_rate,request_duplicate_key_requests_rate,item_invalid_category,item_invalid_category_share_of_invalid,item_invalid_occurrence_field,item_invalid_occurrence_field_share_of_invalid,item_invalid_quote_field,item_invalid_quote_field_share_of_invalid,item_item_schema,item_item_schema_share_of_invalid,item_occurrence_out_of_range,item_occurrence_out_of_range_share_of_invalid,item_outside_owned_core,item_outside_owned_core_share_of_invalid,item_quote_absent_from_target,item_quote_absent_from_target_share_of_invalid
0925-01-kanana-3b-full,kakaocorp/kanana-2-3b-instruct,full_context_targeted,1440,13723,218664,85575,75465,0.02203380529030842,4818,0.02203380529030842,47302,0.21632276003365894,4693,0.02146215197746314,5292,0.024201514652617714,140937,0.6445368236198002,15622,0.07144294442615154,0.7222181738686876,0.0017488887269547476,0.02178823872331123,0.18895285287473584,0.0021861109086934345,0.0007287036362311448,0.0,0.07345332653209939,1282,0.016988007685682104,44,0.0005830517458424435,546,0.007235142118863049,446,0.005910024514675678,2496,0.03307493540051679,3696,0.04897634665076526,66955,0.8872324918836547
0925-02-kanana-3b-local,kakaocorp/kanana-2-3b-instruct,local_window,1440,13723,218664,44969,31764,0.024667983755899462,5394,0.024667983755899462,39069,0.1786713862364175,15461,0.07070665495920682,6481,0.029639080964402004,123208,0.5634580909523287,29051,0.1328568031317455,0.6361582744297894,0.0013116665452160606,0.08686147343875246,0.1651242439699774,0.0002914814544924579,7.287036362311447e-05,0.0,0.18662100123879619,2211,0.0696071023800529,60,0.0018889308651303363,136,0.004281576627628762,263,0.008279813625487974,7088,0.2231456995340637,3947,0.12426016874449061,18059,0.5685367082231457
0925-03-qwen-2b-full,Qwen/Qwen3.5-2B,full_context_targeted,1440,13723,218664,70200,64498,0.010769948414005049,2355,0.010769948414005049,82250,0.37614787985219333,2891,0.013221197819485603,2373,0.010852266491054769,122247,0.5590632202831742,6548,0.029945487140087074,0.28477738103913136,0.3110107119434526,0.013772498724768637,0.2524229395904686,0.07716971507687824,0.04641842162792392,0.0,0.0026233330904321213,7948,0.12322862724425564,1921,0.0297838692672641,328,0.00508542900555056,1760,0.02728766783466154,12893,0.19989767124562002,1964,0.0304505566064064,37684,0.5842661787962418
0925-06-qwen-4b-local,Qwen/Qwen3.5-4B,local_window,1440,13723,218664,113752,83370,0.065163904437859,14249,0.065163904437859,41530,0.18992609665971535,4937,0.022578019244137125,13376,0.06117147770094757,128445,0.5874080781472945,16127,0.07375242381004646,0.4736573635502441,0.33396487648473366,0.049916199081833416,0.15259054142680173,0.009837499089120455,0.009546017634627996,0.0,0.0014574072724622897,7712,0.0925032985486386,942,0.011299028427491904,38,0.0004557994482427732,1262,0.01513733957058894,33403,0.4006597097277198,14752,0.17694614369677342,25261,0.3029986805805446
0926-01-qwen-9b-full,Qwen/Qwen3.5-9B,full_context_targeted,1440,13723,218664,139591,96349,0.1181218673398456,25829,0.1181218673398456,20041,0.09165203234185783,22614,0.10341894413346504,15526,0.07100391468188637,114410,0.5232228441810266,20244,0.09258039732191856,0.7579246520440137,0.0940756394374408,0.16825766960577132,0.0573489761713911,0.021423886905195658,0.01741601690592436,0.0,0.0057567587262260436,5362,0.055651849007254874,192,0.001992755503430238,5,5.1894674568495783e-05,2844,0.0295176908945604,14353,0.148968852816324,16551,0.17178175175663474,57042,0.5920352053472273
0926-02-qwen-9b-local,Qwen/Qwen3.5-9B,local_window,1440,13723,218664,145971,87614,0.15019847803021988,32843,0.15019847803021988,15737,0.07196886547396919,15046,0.0688087659605605,22376,0.10233051622580763,113058,0.5170398419492921,19604,0.08965353236015074,0.7634627996793704,0.09997813889091306,0.13823507979304817,0.04962471762734096,0.01595860963346207,0.006121110544341616,0.0,0.004080740362894411,5117,0.05840390805122469,141,0.0016093318419430685,3,3.4241103020065284e-05,3743,0.04272148286803479,18411,0.21013764923414066,27216,0.3106352865980323,32983,0.37645810030360444
0926-03-kanana-8b-full-1438,kakaocorp/kanana-1.5-8b-instruct-2505,full_context_targeted,1438,13653,218197,260951,235147,0.060862431655797286,13280,0.060862431655797286,106217,0.4867940439144443,975,0.004468439071114635,10149,0.04651301346947941,86370,0.39583495648427797,1206,0.00552711540488641,0.46092433897311946,0.00021973192704900023,0.007397641543983007,0.4022559144510364,0.01735882223687102,0.06394199077125906,0.0,0.003149490954369003,11715,0.049819899892407725,3012,0.012809008832772691,1210,0.005145717359779202,8509,0.03618587521848036,9236,0.0392775582933229,15368,0.06535486312817089,186097,0.7914070772750662
0926-04-kanana-8b-local-1438,kakaocorp/kanana-1.5-8b-instruct-2505,local_window,1438,13653,218197,117066,83701,0.06401096257052113,13967,0.06401096257052113,126095,0.5778952047919999,311,0.0014253174883247708,13367,0.06126115391137367,61682,0.2826894961892235,2775,0.012717865048557039,0.4000585951805464,0.00014648795136600013,0.002343807221856002,0.5467662784735956,0.02006884933714202,0.012890939720208014,0.0,0.002050831319124002,5643,0.0674185493602227,938,0.011206556671963299,64,0.0007646264680230821,1822,0.021767959761532122,9256,0.11058410293783826,20658,0.24680708713157548,45320,0.541451117668845
0928-01-exaone-33b-full,LGAI-EXAONE/EXAONE-4.5-33B,full_context_targeted,1440,13723,218664,230356,186354,0.09069622800278052,19832,0.09069622800278052,69292,0.3168880108294004,41912,0.19167306918377053,16884,0.07721435627263747,65214,0.298238393151136,5530,0.025289942560275124,0.6287983677038549,0.0,0.2636449755884282,0.16891350287837936,0.013481017270276178,0.11498943379727465,0.0,0.0034249070902863804,12206,0.06549899653347929,1487,0.007979436985522179,2588,0.013887547356107194,3253,0.017456024555416037,27914,0.14979018427294288,19364,0.10390976313897206,119542,0.6414780471575603
0928-02-exaone-33b-local,LGAI-EXAONE/EXAONE-4.5-33B,local_window,1440,13723,218664,215241,145380,0.14328833278454614,31332,0.14328833278454614,34609,0.15827479603409797,47567,0.21753466505689092,24636,0.11266600812205027,71985,0.32920370980133906,8535,0.039032488201075626,0.8012825183997668,7.287036362311447e-05,0.29862275012752315,0.10194563870873716,0.008817313998396852,0.013262406179406836,0.0,0.0026233330904321213,7098,0.048823772183243914,1377,0.009471729261246389,3022,0.020786903287935067,2851,0.01961067547117898,48173,0.33135919658825147,38830,0.2670931352318063,44029,0.30285458797633785
0928-03-qwen3-30b-full,Qwen/Qwen3-30B-A3B,full_context_targeted,1440,13723,218664,147444,123733,0.06309223283210771,13796,0.06309223283210771,22623,0.1034601031719899,100873,0.4613150770131343,8974,0.04104013463578824,69973,0.3200023780777814,2425,0.011090074269198405,0.9041754718356044,0.0,0.5306419879035197,0.011440647088828974,0.0,0.08212489980325002,0.0,0.00021861109086934345,3012,0.02434273799228985,0,0.0,0,0.0,33,0.00026670330469640274,31338,0.253271156441693,10038,0.08112629613765124,79312,0.6409931061236696
0928-04-qwen3-30b-local,Qwen/Qwen3-30B-A3B,local_window,1440,13723,218664,172786,123434,0.11842370028902792,25895,0.11842370028902792,15990,0.07312589177916803,23673,0.10826199099989024,20491,0.09370998426810083,123923,0.5667279479018037,8692,0.03975048476200929,0.9377687094658602,0.00014574072724622895,0.17612766887706768,0.01267944327042192,0.0,0.04751147708227064,0.0,0.0002914814544924579,3404,0.027577490804802568,0,0.0,0,0.0,44,0.0003564658035873422,61750,0.5002673493526905,25075,0.2031450005671047,33161,0.2686536934718149
0928-01-gemma4-e2b-full,google/gemma-4-E2B-it,full_context_targeted,1440,13723,218664,93634,62457,0.0689413895291406,15075,0.0689413895291406,15363,0.07025847876193612,93084,0.42569421578311933,11697,0.05349303040280979,65278,0.2985310796473128,18167,0.08308180587568141,0.0003643518181155724,0.9368213947387597,0.46688041973329447,0.05611017998979815,7.287036362311447e-05,0.006631203089703418,0.0,0.0,330,0.005283635140976992,5,8.00550778935908e-05,4,6.404406231487263e-05,1203,0.019261251741197943,1690,0.027058616328033688,13360,0.2139071681316746,45865,0.7343452295179084
0928-01-gemma4-e2b-local,google/gemma-4-E2B-it,local_window,1440,13723,218664,61368,28868,0.07701313430651593,16840,0.07701313430651593,5889,0.026931730874766767,102544,0.46895693849924996,12979,0.059355906779350966,60326,0.2758844620056342,20086,0.09185782753448213,0.012752313634045035,0.9690300954601764,0.541062449901625,0.01807185017853239,0.0,7.287036362311447e-05,0.0,0.0,170,0.005888873493141195,1,3.464043231259526e-05,2,6.928086462519052e-05,1369,0.04742275183594291,1336,0.04627961756962727,13514,0.4681308022724124,12476,0.4321740335319385
0928-02-gemma4-e4b-full,google/gemma-4-E4B-it,full_context_targeted,1440,13723,218664,171669,129082,0.12635367504481762,27629,0.12635367504481762,15758,0.07206490323052721,6114,0.027960706837888268,14174,0.06482091245015183,114134,0.5219606336662642,40855,0.18683916877035087,0.8399766814836406,0.0,0.05618305035342126,0.04029731108358231,0.00021861109086934345,0.023974349632004663,0.0,0.0011659258179698316,246,0.0019057653274662618,28,0.00021691637873599728,4,3.098805410514247e-05,16657,0.12904200430733953,11027,0.08542631815435149,20922,0.1620830169969477,80198,0.6212949907810539
0928-02-gemma4-e4b-local,google/gemma-4-E4B-it,local_window,1440,13723,218664,123781,65661,0.16980847327406431,37131,0.16980847327406431,7694,0.03518640471225259,8796,0.04022610031829656,21252,0.09719020963670288,102401,0.468302967109355,41390,0.18928584494932865,0.8734241783866501,0.0,0.08875610289295344,0.02572323835895941,0.00021861109086934345,7.287036362311447e-05,0.0,0.001238796181592946,107,0.001629582248214313,1,1.5229740637516942e-05,5,7.614870318758472e-05,12277,0.18697552580679552,6653,0.10132346446140023,32096,0.48881375550174383,14522,0.22116629353802106
0928-03-gemma4-12b-full,google/gemma-4-12B-it,full_context_targeted,1440,13723,218664,180723,85401,0.2614742252954304,57175,0.2614742252954304,28991,0.13258240954157977,8473,0.03874894815790436,36798,0.1682855888486445,73726,0.3371656971426481,13501,0.06174313101379285,0.05545434671719012,0.8605261240253589,0.12191211834147052,0.05683888362602929,7.287036362311447e-05,0.027107775267798586,0.0,0.0,26,0.0003044460837695109,1,1.1709464760365803e-05,0,0.0,20,0.00023418929520731607,13145,0.15392091427500848,56590,0.6626386107891008,15619,0.1828901300921535
0928-03-gemma4-12b-local,google/gemma-4-12B-it,local_window,1440,13723,218664,206282,92237,0.28848370102074417,63081,0.28848370102074417,23495,0.10744795668239857,5263,0.02406889108403761,45756,0.20925255186038855,70516,0.32248564006878133,10553,0.0482612592836498,0.055527217080813235,0.8787437149311375,0.07789841871310937,0.06405304962471763,0.0,0.001676018363331633,0.0,0.0,5,5.4208181098691416e-05,0,0.0,0,0.0,12,0.0001300996346368594,14105,0.15292127887940848,72208,0.7828528681548619,5907,0.06404154514999404
0928-04-gemma4-26b-a4b-full,google/gemma-4-26B-A4B-it,full_context_targeted,1440,13723,218664,161623,69113,0.24603043939560237,53798,0.24603043939560237,8644,0.039530969889876706,9137,0.041785570555738484,35218,0.16105989097428017,95229,0.43550378663154427,16638,0.07608934255295796,0.9577351890985936,0.010274721270859141,0.12293230343219412,0.014865554179115354,7.287036362311447e-05,0.010784813816220942,0.0,0.003789258908401953,21,0.0003038502163124159,0,0.0,0,0.0,117,0.0016928797765977457,6357,0.09197980119514418,60614,0.8770274767409894,2004,0.02899599207095626
0928-04-gemma4-26b-a4b-local,google/gemma-4-26B-A4B-it,local_window,1440,13723,218664,199352,84943,0.2720017927047891,59477,0.2720017927047891,7932,0.03627483261991,4465,0.02041945633483335,44805,0.20490341345626167,89605,0.4097839607800095,12380,0.05661654410419639,0.9610143554616337,0.010711943452597829,0.07185017853239088,0.021205275814326314,7.287036362311447e-05,0.0029148145449245794,0.0,0.003206295999417037,46,0.0005415396206868135,0,0.0,0,0.0,34,0.0004002684152902535,6723,0.07914719282342277,76806,0.9042063501406826,1334,0.01570464899991759
0929-05-gemma4-31b-fp8-full,google/gemma-4-31B-it,full_context_targeted,1440,13723,218664,238803,102275,0.31587275454578717,69070,0.31587275454578717,28561,0.13061592214539203,2463,0.01126385687630337,57379,0.26240716350199395,52630,0.2406889108403761,8561,0.03915139209014744,0.04977045835458719,0.8839175107483787,0.05742184653501421,0.06609341980616483,0.0,0.00014574072724622895,0.0,0.0002914814544924579,0,0.0,0,0.0,0,0.0,4042,0.039520899535565875,2696,0.026360303104375458,93086,0.9101539965778538,2451,0.02396480078220484
0929-05-gemma4-31b-fp8-local,google/gemma-4-31B-it,local_window,1440,13723,218664,264567,104568,0.3486170563055647,76230,0.3486170563055647,24203,0.11068580104635423,1179,0.005391834046756668,64768,0.29619873413090403,44736,0.20458786082757108,7548,0.0345187136428493,0.04561684762806966,0.8965969540188006,0.04168184799242148,0.0573489761713911,0.0,0.0,0.0,0.0002914814544924579,1,9.563155076122714e-06,0,0.0,0,0.0,2824,0.027006349934970544,2149,0.020551220258587712,98200,0.9391018284752506,1394,0.013331038176115063
