run,model,condition,axis,outcome,count,denominator,rate
0925-01-kanana-3b-full,kakaocorp/kanana-2-3b-instruct,full_context_targeted,request_outcome,empty_list,299,13723,0.02178823872331123
0925-01-kanana-3b-full,kakaocorp/kanana-2-3b-instruct,full_context_targeted,request_outcome,invalid_json,2593,13723,0.18895285287473584
0925-01-kanana-3b-full,kakaocorp/kanana-2-3b-instruct,full_context_targeted,request_outcome,nonempty_list,10791,13723,0.7863440938570283
0925-01-kanana-3b-full,kakaocorp/kanana-2-3b-instruct,full_context_targeted,request_outcome,other_terminal_failure,0,13723,0.0
0925-01-kanana-3b-full,kakaocorp/kanana-2-3b-instruct,full_context_targeted,request_outcome,output_truncated,10,13723,0.0007287036362311448
0925-01-kanana-3b-full,kakaocorp/kanana-2-3b-instruct,full_context_targeted,request_outcome,root_schema,30,13723,0.0021861109086934345
0925-01-kanana-3b-full,kakaocorp/kanana-2-3b-instruct,full_context_targeted,item_outcome,invalid_category,1282,85575,0.014981010809231669
0925-01-kanana-3b-full,kakaocorp/kanana-2-3b-instruct,full_context_targeted,item_outcome,invalid_occurrence_field,44,85575,0.0005141688577271399
0925-01-kanana-3b-full,kakaocorp/kanana-2-3b-instruct,full_context_targeted,item_outcome,invalid_quote_field,546,85575,0.006380368098159509
0925-01-kanana-3b-full,kakaocorp/kanana-2-3b-instruct,full_context_targeted,item_outcome,item_schema,446,85575,0.0052118025124160096
0925-01-kanana-3b-full,kakaocorp/kanana-2-3b-instruct,full_context_targeted,item_outcome,occurrence_out_of_range,2496,85575,0.029167397020157755
0925-01-kanana-3b-full,kakaocorp/kanana-2-3b-instruct,full_context_targeted,item_outcome,outside_owned_core,3696,85575,0.043190184049079754
0925-01-kanana-3b-full,kakaocorp/kanana-2-3b-instruct,full_context_targeted,item_outcome,quote_absent_from_target,66955,85575,0.7824130879345603
0925-01-kanana-3b-full,kakaocorp/kanana-2-3b-instruct,full_context_targeted,item_outcome,valid,10110,85575,0.11814198071866784
0925-01-kanana-3b-full,kakaocorp/kanana-2-3b-instruct,full_context_targeted,gold_outcome,empty_list,4693,218664,0.02146215197746314
0925-01-kanana-3b-full,kakaocorp/kanana-2-3b-instruct,full_context_targeted,gold_outcome,exact_boundary_wrong_category,823,218664,0.0037637654117733143
0925-01-kanana-3b-full,kakaocorp/kanana-2-3b-instruct,full_context_targeted,gold_outcome,exact_hit,4818,218664,0.02203380529030842
0925-01-kanana-3b-full,kakaocorp/kanana-2-3b-instruct,full_context_targeted,gold_outcome,invalid_json,46626,218664,0.21323125891779168
0925-01-kanana-3b-full,kakaocorp/kanana-2-3b-instruct,full_context_targeted,gold_outcome,no_overlapping_prediction,15622,218664,0.07144294442615154
0925-01-kanana-3b-full,kakaocorp/kanana-2-3b-instruct,full_context_targeted,gold_outcome,output_truncated,223,218664,0.0010198295101159771
0925-01-kanana-3b-full,kakaocorp/kanana-2-3b-instruct,full_context_targeted,gold_outcome,overlapping_boundary_same_category,2773,218664,0.01268155709215966
0925-01-kanana-3b-full,kakaocorp/kanana-2-3b-instruct,full_context_targeted,gold_outcome,overlapping_boundary_wrong_category,1696,218664,0.00775619214868474
0925-01-kanana-3b-full,kakaocorp/kanana-2-3b-instruct,full_context_targeted,gold_outcome,root_schema,453,218664,0.0020716716057512896
0925-01-kanana-3b-full,kakaocorp/kanana-2-3b-instruct,full_context_targeted,gold_outcome,unresolved_with_rejected_items,140937,218664,0.6445368236198002
0925-02-kanana-3b-local,kakaocorp/kanana-2-3b-instruct,local_window,request_outcome,empty_list,1192,13723,0.08686147343875246
0925-02-kanana-3b-local,kakaocorp/kanana-2-3b-instruct,local_window,request_outcome,invalid_json,2266,13723,0.1651242439699774
0925-02-kanana-3b-local,kakaocorp/kanana-2-3b-instruct,local_window,request_outcome,nonempty_list,10260,13723,0.7476499307731546
0925-02-kanana-3b-local,kakaocorp/kanana-2-3b-instruct,local_window,request_outcome,other_terminal_failure,0,13723,0.0
0925-02-kanana-3b-local,kakaocorp/kanana-2-3b-instruct,local_window,request_outcome,output_truncated,1,13723,7.287036362311447e-05
0925-02-kanana-3b-local,kakaocorp/kanana-2-3b-instruct,local_window,request_outcome,root_schema,4,13723,0.0002914814544924579
0925-02-kanana-3b-local,kakaocorp/kanana-2-3b-instruct,local_window,item_outcome,invalid_category,2211,44969,0.049167204073917586
0925-02-kanana-3b-local,kakaocorp/kanana-2-3b-instruct,local_window,item_outcome,invalid_occurrence_field,60,44969,0.0013342524850452535
0925-02-kanana-3b-local,kakaocorp/kanana-2-3b-instruct,local_window,item_outcome,invalid_quote_field,136,44969,0.0030243056327692412
0925-02-kanana-3b-local,kakaocorp/kanana-2-3b-instruct,local_window,item_outcome,item_schema,263,44969,0.005848473392781694
0925-02-kanana-3b-local,kakaocorp/kanana-2-3b-instruct,local_window,item_outcome,occurrence_out_of_range,7088,44969,0.15761969356667926
0925-02-kanana-3b-local,kakaocorp/kanana-2-3b-instruct,local_window,item_outcome,outside_owned_core,3947,44969,0.08777157597456026
0925-02-kanana-3b-local,kakaocorp/kanana-2-3b-instruct,local_window,item_outcome,quote_absent_from_target,18059,44969,0.40158776045720385
0925-02-kanana-3b-local,kakaocorp/kanana-2-3b-instruct,local_window,item_outcome,valid,13205,44969,0.29364673441704287
0925-02-kanana-3b-local,kakaocorp/kanana-2-3b-instruct,local_window,gold_outcome,empty_list,15461,218664,0.07070665495920682
0925-02-kanana-3b-local,kakaocorp/kanana-2-3b-instruct,local_window,gold_outcome,exact_boundary_wrong_category,996,218664,0.00455493359675118
0925-02-kanana-3b-local,kakaocorp/kanana-2-3b-instruct,local_window,gold_outcome,exact_hit,5394,218664,0.024667983755899462
0925-02-kanana-3b-local,kakaocorp/kanana-2-3b-instruct,local_window,gold_outcome,invalid_json,38980,218664,0.17826436907767168
0925-02-kanana-3b-local,kakaocorp/kanana-2-3b-instruct,local_window,gold_outcome,no_overlapping_prediction,29051,218664,0.1328568031317455
0925-02-kanana-3b-local,kakaocorp/kanana-2-3b-instruct,local_window,gold_outcome,output_truncated,11,218664,5.030549153038452e-05
0925-02-kanana-3b-local,kakaocorp/kanana-2-3b-instruct,local_window,gold_outcome,overlapping_boundary_same_category,2722,218664,0.012448322540518787
0925-02-kanana-3b-local,kakaocorp/kanana-2-3b-instruct,local_window,gold_outcome,overlapping_boundary_wrong_category,2763,218664,0.012635824827132039
0925-02-kanana-3b-local,kakaocorp/kanana-2-3b-instruct,local_window,gold_outcome,root_schema,78,218664,0.00035671166721545385
0925-02-kanana-3b-local,kakaocorp/kanana-2-3b-instruct,local_window,gold_outcome,unresolved_with_rejected_items,123208,218664,0.5634580909523287
0925-03-qwen-2b-full,Qwen/Qwen3.5-2B,full_context_targeted,request_outcome,empty_list,189,13723,0.013772498724768637
0925-03-qwen-2b-full,Qwen/Qwen3.5-2B,full_context_targeted,request_outcome,invalid_json,3464,13723,0.2524229395904686
0925-03-qwen-2b-full,Qwen/Qwen3.5-2B,full_context_targeted,request_outcome,nonempty_list,8374,13723,0.6102164249799606
0925-03-qwen-2b-full,Qwen/Qwen3.5-2B,full_context_targeted,request_outcome,other_terminal_failure,0,13723,0.0
0925-03-qwen-2b-full,Qwen/Qwen3.5-2B,full_context_targeted,request_outcome,output_truncated,637,13723,0.04641842162792392
0925-03-qwen-2b-full,Qwen/Qwen3.5-2B,full_context_targeted,request_outcome,root_schema,1059,13723,0.07716971507687824
0925-03-qwen-2b-full,Qwen/Qwen3.5-2B,full_context_targeted,item_outcome,invalid_category,7948,70200,0.11321937321937323
0925-03-qwen-2b-full,Qwen/Qwen3.5-2B,full_context_targeted,item_outcome,invalid_occurrence_field,1921,70200,0.027364672364672365
0925-03-qwen-2b-full,Qwen/Qwen3.5-2B,full_context_targeted,item_outcome,invalid_quote_field,328,70200,0.004672364672364673
0925-03-qwen-2b-full,Qwen/Qwen3.5-2B,full_context_targeted,item_outcome,item_schema,1760,70200,0.02507122507122507
0925-03-qwen-2b-full,Qwen/Qwen3.5-2B,full_context_targeted,item_outcome,occurrence_out_of_range,12893,70200,0.18366096866096865
0925-03-qwen-2b-full,Qwen/Qwen3.5-2B,full_context_targeted,item_outcome,outside_owned_core,1964,70200,0.027977207977207978
0925-03-qwen-2b-full,Qwen/Qwen3.5-2B,full_context_targeted,item_outcome,quote_absent_from_target,37684,70200,0.5368091168091168
0925-03-qwen-2b-full,Qwen/Qwen3.5-2B,full_context_targeted,item_outcome,valid,5702,70200,0.08122507122507122
0925-03-qwen-2b-full,Qwen/Qwen3.5-2B,full_context_targeted,gold_outcome,empty_list,2891,218664,0.013221197819485603
0925-03-qwen-2b-full,Qwen/Qwen3.5-2B,full_context_targeted,gold_outcome,exact_boundary_wrong_category,537,218664,0.0024558226319833167
0925-03-qwen-2b-full,Qwen/Qwen3.5-2B,full_context_targeted,gold_outcome,exact_hit,2355,218664,0.010769948414005049
0925-03-qwen-2b-full,Qwen/Qwen3.5-2B,full_context_targeted,gold_outcome,invalid_json,55068,218664,0.2518384370541104
0925-03-qwen-2b-full,Qwen/Qwen3.5-2B,full_context_targeted,gold_outcome,no_overlapping_prediction,6548,218664,0.029945487140087074
0925-03-qwen-2b-full,Qwen/Qwen3.5-2B,full_context_targeted,gold_outcome,output_truncated,10134,218664,0.046345077378992426
0925-03-qwen-2b-full,Qwen/Qwen3.5-2B,full_context_targeted,gold_outcome,overlapping_boundary_same_category,861,218664,0.003937548018878279
0925-03-qwen-2b-full,Qwen/Qwen3.5-2B,full_context_targeted,gold_outcome,overlapping_boundary_wrong_category,975,218664,0.004458895840193173
0925-03-qwen-2b-full,Qwen/Qwen3.5-2B,full_context_targeted,gold_outcome,root_schema,17048,218664,0.07796436541909048
0925-03-qwen-2b-full,Qwen/Qwen3.5-2B,full_context_targeted,gold_outcome,unresolved_with_rejected_items,122247,218664,0.5590632202831742
0925-06-qwen-4b-local,Qwen/Qwen3.5-4B,local_window,request_outcome,empty_list,685,13723,0.049916199081833416
0925-06-qwen-4b-local,Qwen/Qwen3.5-4B,local_window,request_outcome,invalid_json,2094,13723,0.15259054142680173
0925-06-qwen-4b-local,Qwen/Qwen3.5-4B,local_window,request_outcome,nonempty_list,10678,13723,0.7781097427676165
0925-06-qwen-4b-local,Qwen/Qwen3.5-4B,local_window,request_outcome,other_terminal_failure,0,13723,0.0
0925-06-qwen-4b-local,Qwen/Qwen3.5-4B,local_window,request_outcome,output_truncated,131,13723,0.009546017634627996
0925-06-qwen-4b-local,Qwen/Qwen3.5-4B,local_window,request_outcome,root_schema,135,13723,0.009837499089120455
0925-06-qwen-4b-local,Qwen/Qwen3.5-4B,local_window,item_outcome,invalid_category,7712,113752,0.06779661016949153
0925-06-qwen-4b-local,Qwen/Qwen3.5-4B,local_window,item_outcome,invalid_occurrence_field,942,113752,0.008281173078275547
0925-06-qwen-4b-local,Qwen/Qwen3.5-4B,local_window,item_outcome,invalid_quote_field,38,113752,0.00033406006048245304
0925-06-qwen-4b-local,Qwen/Qwen3.5-4B,local_window,item_outcome,item_schema,1262,113752,0.01109431042970673
0925-06-qwen-4b-local,Qwen/Qwen3.5-4B,local_window,item_outcome,occurrence_out_of_range,33403,113752,0.29364758421829945
0925-06-qwen-4b-local,Qwen/Qwen3.5-4B,local_window,item_outcome,outside_owned_core,14752,113752,0.12968563190097757
0925-06-qwen-4b-local,Qwen/Qwen3.5-4B,local_window,item_outcome,quote_absent_from_target,25261,113752,0.22207082073282228
0925-06-qwen-4b-local,Qwen/Qwen3.5-4B,local_window,item_outcome,valid,30382,113752,0.2670898094099444
0925-06-qwen-4b-local,Qwen/Qwen3.5-4B,local_window,gold_outcome,empty_list,4937,218664,0.022578019244137125
0925-06-qwen-4b-local,Qwen/Qwen3.5-4B,local_window,gold_outcome,exact_boundary_wrong_category,1565,218664,0.007157099476822888
0925-06-qwen-4b-local,Qwen/Qwen3.5-4B,local_window,gold_outcome,exact_hit,14249,218664,0.065163904437859
0925-06-qwen-4b-local,Qwen/Qwen3.5-4B,local_window,gold_outcome,invalid_json,37317,218664,0.1706590934035781
0925-06-qwen-4b-local,Qwen/Qwen3.5-4B,local_window,gold_outcome,no_overlapping_prediction,16127,218664,0.07375242381004646
0925-06-qwen-4b-local,Qwen/Qwen3.5-4B,local_window,gold_outcome,output_truncated,2615,218664,0.011958987304723228
0925-06-qwen-4b-local,Qwen/Qwen3.5-4B,local_window,gold_outcome,overlapping_boundary_same_category,6383,218664,0.029190904767131307
0925-06-qwen-4b-local,Qwen/Qwen3.5-4B,local_window,gold_outcome,overlapping_boundary_wrong_category,5428,218664,0.02482347345699338
0925-06-qwen-4b-local,Qwen/Qwen3.5-4B,local_window,gold_outcome,root_schema,1598,218664,0.0073080159514140415
0925-06-qwen-4b-local,Qwen/Qwen3.5-4B,local_window,gold_outcome,unresolved_with_rejected_items,128445,218664,0.5874080781472945
0926-01-qwen-9b-full,Qwen/Qwen3.5-9B,full_context_targeted,request_outcome,empty_list,2309,13723,0.16825766960577132
0926-01-qwen-9b-full,Qwen/Qwen3.5-9B,full_context_targeted,request_outcome,invalid_json,787,13723,0.0573489761713911
0926-01-qwen-9b-full,Qwen/Qwen3.5-9B,full_context_targeted,request_outcome,nonempty_list,10094,13723,0.7355534504117176
0926-01-qwen-9b-full,Qwen/Qwen3.5-9B,full_context_targeted,request_outcome,other_terminal_failure,0,13723,0.0
0926-01-qwen-9b-full,Qwen/Qwen3.5-9B,full_context_targeted,request_outcome,output_truncated,239,13723,0.01741601690592436
0926-01-qwen-9b-full,Qwen/Qwen3.5-9B,full_context_targeted,request_outcome,root_schema,294,13723,0.021423886905195658
0926-01-qwen-9b-full,Qwen/Qwen3.5-9B,full_context_targeted,item_outcome,invalid_category,5362,139591,0.03841221855277203
0926-01-qwen-9b-full,Qwen/Qwen3.5-9B,full_context_targeted,item_outcome,invalid_occurrence_field,192,139591,0.0013754468411287261
0926-01-qwen-9b-full,Qwen/Qwen3.5-9B,full_context_targeted,item_outcome,invalid_quote_field,5,139591,3.5818928154393906e-05
0926-01-qwen-9b-full,Qwen/Qwen3.5-9B,full_context_targeted,item_outcome,item_schema,2844,139591,0.020373806334219254
0926-01-qwen-9b-full,Qwen/Qwen3.5-9B,full_context_targeted,item_outcome,occurrence_out_of_range,14353,139591,0.10282181516000315
0926-01-qwen-9b-full,Qwen/Qwen3.5-9B,full_context_targeted,item_outcome,outside_owned_core,16551,139591,0.11856781597667472
0926-01-qwen-9b-full,Qwen/Qwen3.5-9B,full_context_targeted,item_outcome,quote_absent_from_target,57042,139591,0.40863665995658743
0926-01-qwen-9b-full,Qwen/Qwen3.5-9B,full_context_targeted,item_outcome,valid,43242,139591,0.30977641825046026
0926-01-qwen-9b-full,Qwen/Qwen3.5-9B,full_context_targeted,gold_outcome,empty_list,22614,218664,0.10341894413346504
0926-01-qwen-9b-full,Qwen/Qwen3.5-9B,full_context_targeted,gold_outcome,exact_boundary_wrong_category,2040,218664,0.009329382065634946
0926-01-qwen-9b-full,Qwen/Qwen3.5-9B,full_context_targeted,gold_outcome,exact_hit,25829,218664,0.1181218673398456
0926-01-qwen-9b-full,Qwen/Qwen3.5-9B,full_context_targeted,gold_outcome,invalid_json,10739,218664,0.04911187941316358
0926-01-qwen-9b-full,Qwen/Qwen3.5-9B,full_context_targeted,gold_outcome,no_overlapping_prediction,20244,218664,0.09258039732191856
0926-01-qwen-9b-full,Qwen/Qwen3.5-9B,full_context_targeted,gold_outcome,output_truncated,4245,218664,0.019413346504225663
0926-01-qwen-9b-full,Qwen/Qwen3.5-9B,full_context_targeted,gold_outcome,overlapping_boundary_same_category,8186,218664,0.037436432151611604
0926-01-qwen-9b-full,Qwen/Qwen3.5-9B,full_context_targeted,gold_outcome,overlapping_boundary_wrong_category,5300,218664,0.02423810046463981
0926-01-qwen-9b-full,Qwen/Qwen3.5-9B,full_context_targeted,gold_outcome,root_schema,5057,218664,0.023126806424468592
0926-01-qwen-9b-full,Qwen/Qwen3.5-9B,full_context_targeted,gold_outcome,unresolved_with_rejected_items,114410,218664,0.5232228441810266
0926-02-qwen-9b-local,Qwen/Qwen3.5-9B,local_window,request_outcome,empty_list,1897,13723,0.13823507979304817
0926-02-qwen-9b-local,Qwen/Qwen3.5-9B,local_window,request_outcome,invalid_json,681,13723,0.04962471762734096
0926-02-qwen-9b-local,Qwen/Qwen3.5-9B,local_window,request_outcome,nonempty_list,10842,13723,0.7900604824018072
0926-02-qwen-9b-local,Qwen/Qwen3.5-9B,local_window,request_outcome,other_terminal_failure,0,13723,0.0
0926-02-qwen-9b-local,Qwen/Qwen3.5-9B,local_window,request_outcome,output_truncated,84,13723,0.006121110544341616
0926-02-qwen-9b-local,Qwen/Qwen3.5-9B,local_window,request_outcome,root_schema,219,13723,0.01595860963346207
0926-02-qwen-9b-local,Qwen/Qwen3.5-9B,local_window,item_outcome,invalid_category,5117,145971,0.03505490816669064
0926-02-qwen-9b-local,Qwen/Qwen3.5-9B,local_window,item_outcome,invalid_occurrence_field,141,145971,0.0009659452905029081
0926-02-qwen-9b-local,Qwen/Qwen3.5-9B,local_window,item_outcome,invalid_quote_field,3,145971,2.0552027457508685e-05
0926-02-qwen-9b-local,Qwen/Qwen3.5-9B,local_window,item_outcome,item_schema,3743,145971,0.025642079591151667
0926-02-qwen-9b-local,Qwen/Qwen3.5-9B,local_window,item_outcome,occurrence_out_of_range,18411,145971,0.12612779250673078
0926-02-qwen-9b-local,Qwen/Qwen3.5-9B,local_window,item_outcome,outside_owned_core,27216,145971,0.1864479930945188
0926-02-qwen-9b-local,Qwen/Qwen3.5-9B,local_window,item_outcome,quote_absent_from_target,32983,145971,0.22595584054366963
0926-02-qwen-9b-local,Qwen/Qwen3.5-9B,local_window,item_outcome,valid,58357,145971,0.3997848887792781
0926-02-qwen-9b-local,Qwen/Qwen3.5-9B,local_window,gold_outcome,empty_list,15046,218664,0.0688087659605605
0926-02-qwen-9b-local,Qwen/Qwen3.5-9B,local_window,gold_outcome,exact_boundary_wrong_category,2987,218664,0.013660227563750777
0926-02-qwen-9b-local,Qwen/Qwen3.5-9B,local_window,gold_outcome,exact_hit,32843,218664,0.15019847803021988
0926-02-qwen-9b-local,Qwen/Qwen3.5-9B,local_window,gold_outcome,invalid_json,10341,218664,0.04729173526506421
0926-02-qwen-9b-local,Qwen/Qwen3.5-9B,local_window,gold_outcome,no_overlapping_prediction,19604,218664,0.08965353236015074
0926-02-qwen-9b-local,Qwen/Qwen3.5-9B,local_window,gold_outcome,output_truncated,1607,218664,0.007349174989938902
0926-02-qwen-9b-local,Qwen/Qwen3.5-9B,local_window,gold_outcome,overlapping_boundary_same_category,11993,218664,0.05484670544762741
0926-02-qwen-9b-local,Qwen/Qwen3.5-9B,local_window,gold_outcome,overlapping_boundary_wrong_category,7396,218664,0.033823583214429444
0926-02-qwen-9b-local,Qwen/Qwen3.5-9B,local_window,gold_outcome,root_schema,3789,218664,0.017327955218966084
0926-02-qwen-9b-local,Qwen/Qwen3.5-9B,local_window,gold_outcome,unresolved_with_rejected_items,113058,218664,0.5170398419492921
0926-03-kanana-8b-full-1438,kakaocorp/kanana-1.5-8b-instruct-2505,full_context_targeted,request_outcome,empty_list,101,13653,0.007397641543983007
0926-03-kanana-8b-full-1438,kakaocorp/kanana-1.5-8b-instruct-2505,full_context_targeted,request_outcome,invalid_json,5492,13653,0.4022559144510364
0926-03-kanana-8b-full-1438,kakaocorp/kanana-1.5-8b-instruct-2505,full_context_targeted,request_outcome,nonempty_list,6950,13653,0.5090456309968505
0926-03-kanana-8b-full-1438,kakaocorp/kanana-1.5-8b-instruct-2505,full_context_targeted,request_outcome,other_terminal_failure,0,13653,0.0
0926-03-kanana-8b-full-1438,kakaocorp/kanana-1.5-8b-instruct-2505,full_context_targeted,request_outcome,output_truncated,873,13653,0.06394199077125906
0926-03-kanana-8b-full-1438,kakaocorp/kanana-1.5-8b-instruct-2505,full_context_targeted,request_outcome,root_schema,237,13653,0.01735882223687102
0926-03-kanana-8b-full-1438,kakaocorp/kanana-1.5-8b-instruct-2505,full_context_targeted,item_outcome,invalid_category,11715,260951,0.04489348575019831
0926-03-kanana-8b-full-1438,kakaocorp/kanana-1.5-8b-instruct-2505,full_context_targeted,item_outcome,invalid_occurrence_field,3012,260951,0.011542396848450475
0926-03-kanana-8b-full-1438,kakaocorp/kanana-1.5-8b-instruct-2505,full_context_targeted,item_outcome,invalid_quote_field,1210,260951,0.0046368858521331595
0926-03-kanana-8b-full-1438,kakaocorp/kanana-1.5-8b-instruct-2505,full_context_targeted,item_outcome,item_schema,8509,260951,0.03260765431057938
0926-03-kanana-8b-full-1438,kakaocorp/kanana-1.5-8b-instruct-2505,full_context_targeted,item_outcome,occurrence_out_of_range,9236,260951,0.035393617958927155
0926-03-kanana-8b-full-1438,kakaocorp/kanana-1.5-8b-instruct-2505,full_context_targeted,item_outcome,outside_owned_core,15368,260951,0.058892282459159
0926-03-kanana-8b-full-1438,kakaocorp/kanana-1.5-8b-instruct-2505,full_context_targeted,item_outcome,quote_absent_from_target,186097,260951,0.713149211921012
0926-03-kanana-8b-full-1438,kakaocorp/kanana-1.5-8b-instruct-2505,full_context_targeted,item_outcome,valid,25804,260951,0.09888446489954053
0926-03-kanana-8b-full-1438,kakaocorp/kanana-1.5-8b-instruct-2505,full_context_targeted,gold_outcome,empty_list,975,218197,0.004468439071114635
0926-03-kanana-8b-full-1438,kakaocorp/kanana-1.5-8b-instruct-2505,full_context_targeted,gold_outcome,exact_boundary_wrong_category,1203,218197,0.005513366361590673
0926-03-kanana-8b-full-1438,kakaocorp/kanana-1.5-8b-instruct-2505,full_context_targeted,gold_outcome,exact_hit,13280,218197,0.060862431655797286
0926-03-kanana-8b-full-1438,kakaocorp/kanana-1.5-8b-instruct-2505,full_context_targeted,gold_outcome,invalid_json,89442,218197,0.409913976819113
0926-03-kanana-8b-full-1438,kakaocorp/kanana-1.5-8b-instruct-2505,full_context_targeted,gold_outcome,no_overlapping_prediction,1206,218197,0.00552711540488641
0926-03-kanana-8b-full-1438,kakaocorp/kanana-1.5-8b-instruct-2505,full_context_targeted,gold_outcome,output_truncated,12900,218197,0.05912088617167056
0926-03-kanana-8b-full-1438,kakaocorp/kanana-1.5-8b-instruct-2505,full_context_targeted,gold_outcome,overlapping_boundary_same_category,5621,218197,0.02576112412177986
0926-03-kanana-8b-full-1438,kakaocorp/kanana-1.5-8b-instruct-2505,full_context_targeted,gold_outcome,overlapping_boundary_wrong_category,3325,218197,0.015238522986108883
0926-03-kanana-8b-full-1438,kakaocorp/kanana-1.5-8b-instruct-2505,full_context_targeted,gold_outcome,root_schema,3875,218197,0.017759180923660727
0926-03-kanana-8b-full-1438,kakaocorp/kanana-1.5-8b-instruct-2505,full_context_targeted,gold_outcome,unresolved_with_rejected_items,86370,218197,0.39583495648427797
0926-04-kanana-8b-local-1438,kakaocorp/kanana-1.5-8b-instruct-2505,local_window,request_outcome,empty_list,32,13653,0.002343807221856002
0926-04-kanana-8b-local-1438,kakaocorp/kanana-1.5-8b-instruct-2505,local_window,request_outcome,invalid_json,7465,13653,0.5467662784735956
0926-04-kanana-8b-local-1438,kakaocorp/kanana-1.5-8b-instruct-2505,local_window,request_outcome,nonempty_list,5706,13653,0.4179301252471984
0926-04-kanana-8b-local-1438,kakaocorp/kanana-1.5-8b-instruct-2505,local_window,request_outcome,other_terminal_failure,0,13653,0.0
0926-04-kanana-8b-local-1438,kakaocorp/kanana-1.5-8b-instruct-2505,local_window,request_outcome,output_truncated,176,13653,0.012890939720208014
0926-04-kanana-8b-local-1438,kakaocorp/kanana-1.5-8b-instruct-2505,local_window,request_outcome,root_schema,274,13653,0.02006884933714202
0926-04-kanana-8b-local-1438,kakaocorp/kanana-1.5-8b-instruct-2505,local_window,item_outcome,invalid_category,5643,117066,0.04820357746911998
0926-04-kanana-8b-local-1438,kakaocorp/kanana-1.5-8b-instruct-2505,local_window,item_outcome,invalid_occurrence_field,938,117066,0.008012574103497172
0926-04-kanana-8b-local-1438,kakaocorp/kanana-1.5-8b-instruct-2505,local_window,item_outcome,invalid_quote_field,64,117066,0.0005467001520509798
0926-04-kanana-8b-local-1438,kakaocorp/kanana-1.5-8b-instruct-2505,local_window,item_outcome,item_schema,1822,117066,0.01556386995370133
0926-04-kanana-8b-local-1438,kakaocorp/kanana-1.5-8b-instruct-2505,local_window,item_outcome,occurrence_out_of_range,9256,117066,0.07906650949037296
0926-04-kanana-8b-local-1438,kakaocorp/kanana-1.5-8b-instruct-2505,local_window,item_outcome,outside_owned_core,20658,117066,0.17646455845420533
0926-04-kanana-8b-local-1438,kakaocorp/kanana-1.5-8b-instruct-2505,local_window,item_outcome,quote_absent_from_target,45320,117066,0.38713204517110006
0926-04-kanana-8b-local-1438,kakaocorp/kanana-1.5-8b-instruct-2505,local_window,item_outcome,valid,33365,117066,0.2850101652059522
0926-04-kanana-8b-local-1438,kakaocorp/kanana-1.5-8b-instruct-2505,local_window,gold_outcome,empty_list,311,218197,0.0014253174883247708
0926-04-kanana-8b-local-1438,kakaocorp/kanana-1.5-8b-instruct-2505,local_window,gold_outcome,exact_boundary_wrong_category,2087,218197,0.009564751119401275
0926-04-kanana-8b-local-1438,kakaocorp/kanana-1.5-8b-instruct-2505,local_window,gold_outcome,exact_hit,13967,218197,0.06401096257052113
0926-04-kanana-8b-local-1438,kakaocorp/kanana-1.5-8b-instruct-2505,local_window,gold_outcome,invalid_json,119200,218197,0.5462953202839635
0926-04-kanana-8b-local-1438,kakaocorp/kanana-1.5-8b-instruct-2505,local_window,gold_outcome,no_overlapping_prediction,2775,218197,0.012717865048557039
0926-04-kanana-8b-local-1438,kakaocorp/kanana-1.5-8b-instruct-2505,local_window,gold_outcome,output_truncated,2844,218197,0.013034093044358997
0926-04-kanana-8b-local-1438,kakaocorp/kanana-1.5-8b-instruct-2505,local_window,gold_outcome,overlapping_boundary_same_category,6260,218197,0.028689670343771914
0926-04-kanana-8b-local-1438,kakaocorp/kanana-1.5-8b-instruct-2505,local_window,gold_outcome,overlapping_boundary_wrong_category,5020,218197,0.02300673244820048
0926-04-kanana-8b-local-1438,kakaocorp/kanana-1.5-8b-instruct-2505,local_window,gold_outcome,root_schema,4051,218197,0.01856579146367732
0926-04-kanana-8b-local-1438,kakaocorp/kanana-1.5-8b-instruct-2505,local_window,gold_outcome,unresolved_with_rejected_items,61682,218197,0.2826894961892235
0928-01-exaone-33b-full,LGAI-EXAONE/EXAONE-4.5-33B,full_context_targeted,request_outcome,empty_list,3618,13723,0.2636449755884282
0928-01-exaone-33b-full,LGAI-EXAONE/EXAONE-4.5-33B,full_context_targeted,request_outcome,invalid_json,2318,13723,0.16891350287837936
0928-01-exaone-33b-full,LGAI-EXAONE/EXAONE-4.5-33B,full_context_targeted,request_outcome,nonempty_list,6024,13723,0.4389710704656416
0928-01-exaone-33b-full,LGAI-EXAONE/EXAONE-4.5-33B,full_context_targeted,request_outcome,other_terminal_failure,0,13723,0.0
0928-01-exaone-33b-full,LGAI-EXAONE/EXAONE-4.5-33B,full_context_targeted,request_outcome,output_truncated,1578,13723,0.11498943379727465
0928-01-exaone-33b-full,LGAI-EXAONE/EXAONE-4.5-33B,full_context_targeted,request_outcome,root_schema,185,13723,0.013481017270276178
0928-01-exaone-33b-full,LGAI-EXAONE/EXAONE-4.5-33B,full_context_targeted,item_outcome,invalid_category,12206,230356,0.05298754970567296
0928-01-exaone-33b-full,LGAI-EXAONE/EXAONE-4.5-33B,full_context_targeted,item_outcome,invalid_occurrence_field,1487,230356,0.006455225824376183
0928-01-exaone-33b-full,LGAI-EXAONE/EXAONE-4.5-33B,full_context_targeted,item_outcome,invalid_quote_field,2588,230356,0.011234784420635885
0928-01-exaone-33b-full,LGAI-EXAONE/EXAONE-4.5-33B,full_context_targeted,item_outcome,item_schema,3253,230356,0.014121620448349512
0928-01-exaone-33b-full,LGAI-EXAONE/EXAONE-4.5-33B,full_context_targeted,item_outcome,occurrence_out_of_range,27914,230356,0.12117765545503481
0928-01-exaone-33b-full,LGAI-EXAONE/EXAONE-4.5-33B,full_context_targeted,item_outcome,outside_owned_core,19364,230356,0.0840611922415739
0928-01-exaone-33b-full,LGAI-EXAONE/EXAONE-4.5-33B,full_context_targeted,item_outcome,quote_absent_from_target,119542,230356,0.5189445901126951
0928-01-exaone-33b-full,LGAI-EXAONE/EXAONE-4.5-33B,full_context_targeted,item_outcome,valid,44002,230356,0.1910173817916616
0928-01-exaone-33b-full,LGAI-EXAONE/EXAONE-4.5-33B,full_context_targeted,gold_outcome,empty_list,41912,218664,0.19167306918377053
0928-01-exaone-33b-full,LGAI-EXAONE/EXAONE-4.5-33B,full_context_targeted,gold_outcome,exact_boundary_wrong_category,2679,218664,0.01225167380090001
0928-01-exaone-33b-full,LGAI-EXAONE/EXAONE-4.5-33B,full_context_targeted,gold_outcome,exact_hit,19832,218664,0.09069622800278052
0928-01-exaone-33b-full,LGAI-EXAONE/EXAONE-4.5-33B,full_context_targeted,gold_outcome,invalid_json,39326,218664,0.1798467054476274
0928-01-exaone-33b-full,LGAI-EXAONE/EXAONE-4.5-33B,full_context_targeted,gold_outcome,no_overlapping_prediction,5530,218664,0.025289942560275124
0928-01-exaone-33b-full,LGAI-EXAONE/EXAONE-4.5-33B,full_context_targeted,gold_outcome,output_truncated,26518,218664,0.12127282040024878
0928-01-exaone-33b-full,LGAI-EXAONE/EXAONE-4.5-33B,full_context_targeted,gold_outcome,overlapping_boundary_same_category,7484,218664,0.03422602714667252
0928-01-exaone-33b-full,LGAI-EXAONE/EXAONE-4.5-33B,full_context_targeted,gold_outcome,overlapping_boundary_wrong_category,6721,218664,0.03073665532506494
0928-01-exaone-33b-full,LGAI-EXAONE/EXAONE-4.5-33B,full_context_targeted,gold_outcome,root_schema,3448,218664,0.015768484981524163
0928-01-exaone-33b-full,LGAI-EXAONE/EXAONE-4.5-33B,full_context_targeted,gold_outcome,unresolved_with_rejected_items,65214,218664,0.298238393151136
0928-02-exaone-33b-local,LGAI-EXAONE/EXAONE-4.5-33B,local_window,request_outcome,empty_list,4098,13723,0.29862275012752315
0928-02-exaone-33b-local,LGAI-EXAONE/EXAONE-4.5-33B,local_window,request_outcome,invalid_json,1399,13723,0.10194563870873716
0928-02-exaone-33b-local,LGAI-EXAONE/EXAONE-4.5-33B,local_window,request_outcome,nonempty_list,7923,13723,0.577351890985936
0928-02-exaone-33b-local,LGAI-EXAONE/EXAONE-4.5-33B,local_window,request_outcome,other_terminal_failure,0,13723,0.0
0928-02-exaone-33b-local,LGAI-EXAONE/EXAONE-4.5-33B,local_window,request_outcome,output_truncated,182,13723,0.013262406179406836
0928-02-exaone-33b-local,LGAI-EXAONE/EXAONE-4.5-33B,local_window,request_outcome,root_schema,121,13723,0.008817313998396852
0928-02-exaone-33b-local,LGAI-EXAONE/EXAONE-4.5-33B,local_window,item_outcome,invalid_category,7098,215241,0.03297698858488857
0928-02-exaone-33b-local,LGAI-EXAONE/EXAONE-4.5-33B,local_window,item_outcome,invalid_occurrence_field,1377,215241,0.00639748003400839
0928-02-exaone-33b-local,LGAI-EXAONE/EXAONE-4.5-33B,local_window,item_outcome,invalid_quote_field,3022,215241,0.014040076007823789
0928-02-exaone-33b-local,LGAI-EXAONE/EXAONE-4.5-33B,local_window,item_outcome,item_schema,2851,215241,0.01324561770294693
0928-02-exaone-33b-local,LGAI-EXAONE/EXAONE-4.5-33B,local_window,item_outcome,occurrence_out_of_range,48173,215241,0.22380959018030952
0928-02-exaone-33b-local,LGAI-EXAONE/EXAONE-4.5-33B,local_window,item_outcome,outside_owned_core,38830,215241,0.18040243262203762
0928-02-exaone-33b-local,LGAI-EXAONE/EXAONE-4.5-33B,local_window,item_outcome,quote_absent_from_target,44029,215241,0.2045567526632937
0928-02-exaone-33b-local,LGAI-EXAONE/EXAONE-4.5-33B,local_window,item_outcome,valid,69861,215241,0.3245710622046915
0928-02-exaone-33b-local,LGAI-EXAONE/EXAONE-4.5-33B,local_window,gold_outcome,empty_list,47567,218664,0.21753466505689092
0928-02-exaone-33b-local,LGAI-EXAONE/EXAONE-4.5-33B,local_window,gold_outcome,exact_boundary_wrong_category,3717,218664,0.016998682910767206
0928-02-exaone-33b-local,LGAI-EXAONE/EXAONE-4.5-33B,local_window,gold_outcome,exact_hit,31332,218664,0.14328833278454614
0928-02-exaone-33b-local,LGAI-EXAONE/EXAONE-4.5-33B,local_window,gold_outcome,invalid_json,27965,218664,0.12789027914974574
0928-02-exaone-33b-local,LGAI-EXAONE/EXAONE-4.5-33B,local_window,gold_outcome,no_overlapping_prediction,8535,218664,0.039032488201075626
0928-02-exaone-33b-local,LGAI-EXAONE/EXAONE-4.5-33B,local_window,gold_outcome,output_truncated,4120,218664,0.018841693191380383
0928-02-exaone-33b-local,LGAI-EXAONE/EXAONE-4.5-33B,local_window,gold_outcome,overlapping_boundary_same_category,12509,218664,0.05720649032305272
0928-02-exaone-33b-local,LGAI-EXAONE/EXAONE-4.5-33B,local_window,gold_outcome,overlapping_boundary_wrong_category,8410,218664,0.03846083488823034
0928-02-exaone-33b-local,LGAI-EXAONE/EXAONE-4.5-33B,local_window,gold_outcome,root_schema,2524,218664,0.011542823692971866
0928-02-exaone-33b-local,LGAI-EXAONE/EXAONE-4.5-33B,local_window,gold_outcome,unresolved_with_rejected_items,71985,218664,0.32920370980133906
0928-03-qwen3-30b-full,Qwen/Qwen3-30B-A3B,full_context_targeted,request_outcome,empty_list,7282,13723,0.5306419879035197
0928-03-qwen3-30b-full,Qwen/Qwen3-30B-A3B,full_context_targeted,request_outcome,invalid_json,157,13723,0.011440647088828974
0928-03-qwen3-30b-full,Qwen/Qwen3-30B-A3B,full_context_targeted,request_outcome,nonempty_list,5157,13723,0.37579246520440135
0928-03-qwen3-30b-full,Qwen/Qwen3-30B-A3B,full_context_targeted,request_outcome,other_terminal_failure,0,13723,0.0
0928-03-qwen3-30b-full,Qwen/Qwen3-30B-A3B,full_context_targeted,request_outcome,output_truncated,1127,13723,0.08212489980325002
0928-03-qwen3-30b-full,Qwen/Qwen3-30B-A3B,full_context_targeted,request_outcome,root_schema,0,13723,0.0
0928-03-qwen3-30b-full,Qwen/Qwen3-30B-A3B,full_context_targeted,item_outcome,invalid_category,3012,147444,0.020428094734271995
0928-03-qwen3-30b-full,Qwen/Qwen3-30B-A3B,full_context_targeted,item_outcome,item_schema,33,147444,0.00022381378692927484
0928-03-qwen3-30b-full,Qwen/Qwen3-30B-A3B,full_context_targeted,item_outcome,occurrence_out_of_range,31338,147444,0.21254171075120046
0928-03-qwen3-30b-full,Qwen/Qwen3-30B-A3B,full_context_targeted,item_outcome,outside_owned_core,10038,147444,0.06808008464230487
0928-03-qwen3-30b-full,Qwen/Qwen3-30B-A3B,full_context_targeted,item_outcome,quote_absent_from_target,79312,147444,0.5379126990586256
0928-03-qwen3-30b-full,Qwen/Qwen3-30B-A3B,full_context_targeted,item_outcome,valid,23711,147444,0.16081359702666775
0928-03-qwen3-30b-full,Qwen/Qwen3-30B-A3B,full_context_targeted,gold_outcome,empty_list,100873,218664,0.4613150770131343
0928-03-qwen3-30b-full,Qwen/Qwen3-30B-A3B,full_context_targeted,gold_outcome,exact_boundary_wrong_category,621,218664,0.002839973658215344
0928-03-qwen3-30b-full,Qwen/Qwen3-30B-A3B,full_context_targeted,gold_outcome,exact_hit,13796,218664,0.06309223283210771
0928-03-qwen3-30b-full,Qwen/Qwen3-30B-A3B,full_context_targeted,gold_outcome,invalid_json,3275,218664,0.014977316796546299
0928-03-qwen3-30b-full,Qwen/Qwen3-30B-A3B,full_context_targeted,gold_outcome,no_overlapping_prediction,2425,218664,0.011090074269198405
0928-03-qwen3-30b-full,Qwen/Qwen3-30B-A3B,full_context_targeted,gold_outcome,output_truncated,19348,218664,0.0884827863754436
0928-03-qwen3-30b-full,Qwen/Qwen3-30B-A3B,full_context_targeted,gold_outcome,overlapping_boundary_same_category,6012,218664,0.02749423773460652
0928-03-qwen3-30b-full,Qwen/Qwen3-30B-A3B,full_context_targeted,gold_outcome,overlapping_boundary_wrong_category,2341,218664,0.010705923242966377
0928-03-qwen3-30b-full,Qwen/Qwen3-30B-A3B,full_context_targeted,gold_outcome,unresolved_with_rejected_items,69973,218664,0.3200023780777814
0928-04-qwen3-30b-local,Qwen/Qwen3-30B-A3B,local_window,request_outcome,empty_list,2417,13723,0.17612766887706768
0928-04-qwen3-30b-local,Qwen/Qwen3-30B-A3B,local_window,request_outcome,invalid_json,174,13723,0.01267944327042192
0928-04-qwen3-30b-local,Qwen/Qwen3-30B-A3B,local_window,request_outcome,nonempty_list,10480,13723,0.7636814107702398
0928-04-qwen3-30b-local,Qwen/Qwen3-30B-A3B,local_window,request_outcome,other_terminal_failure,0,13723,0.0
0928-04-qwen3-30b-local,Qwen/Qwen3-30B-A3B,local_window,request_outcome,output_truncated,652,13723,0.04751147708227064
0928-04-qwen3-30b-local,Qwen/Qwen3-30B-A3B,local_window,request_outcome,root_schema,0,13723,0.0
0928-04-qwen3-30b-local,Qwen/Qwen3-30B-A3B,local_window,item_outcome,invalid_category,3404,172786,0.01970067019318695
0928-04-qwen3-30b-local,Qwen/Qwen3-30B-A3B,local_window,item_outcome,item_schema,44,172786,0.0002546502610165175
0928-04-qwen3-30b-local,Qwen/Qwen3-30B-A3B,local_window,item_outcome,occurrence_out_of_range,61750,172786,0.3573784913129536
0928-04-qwen3-30b-local,Qwen/Qwen3-30B-A3B,local_window,item_outcome,outside_owned_core,25075,172786,0.14512171124975404
0928-04-qwen3-30b-local,Qwen/Qwen3-30B-A3B,local_window,item_outcome,quote_absent_from_target,33161,172786,0.19191948421747132
0928-04-qwen3-30b-local,Qwen/Qwen3-30B-A3B,local_window,item_outcome,valid,49352,172786,0.2856249927656176
0928-04-qwen3-30b-local,Qwen/Qwen3-30B-A3B,local_window,gold_outcome,empty_list,23673,218664,0.10826199099989024
0928-04-qwen3-30b-local,Qwen/Qwen3-30B-A3B,local_window,gold_outcome,exact_boundary_wrong_category,1473,218664,0.006736362638568763
0928-04-qwen3-30b-local,Qwen/Qwen3-30B-A3B,local_window,gold_outcome,exact_hit,25895,218664,0.11842370028902792
0928-04-qwen3-30b-local,Qwen/Qwen3-30B-A3B,local_window,gold_outcome,invalid_json,4586,218664,0.02097281674166758
0928-04-qwen3-30b-local,Qwen/Qwen3-30B-A3B,local_window,gold_outcome,no_overlapping_prediction,8692,218664,0.03975048476200929
0928-04-qwen3-30b-local,Qwen/Qwen3-30B-A3B,local_window,gold_outcome,output_truncated,11404,218664,0.052153075037500454
0928-04-qwen3-30b-local,Qwen/Qwen3-30B-A3B,local_window,gold_outcome,overlapping_boundary_same_category,13487,218664,0.06167910584275418
0928-04-qwen3-30b-local,Qwen/Qwen3-30B-A3B,local_window,gold_outcome,overlapping_boundary_wrong_category,5531,218664,0.025294515786777886
0928-04-qwen3-30b-local,Qwen/Qwen3-30B-A3B,local_window,gold_outcome,unresolved_with_rejected_items,123923,218664,0.5667279479018037
