run,model,condition,documents,requests,typed_gold,parsed_items,format_compliance,empty_list_rate,invalid_json_rate,truncated_rate,strict_failure_rate,valid_item_rate,invalid_item_fp,strict_precision,strict_recall,strict_f1,strict_tp,strict_fp,strict_fn,detection_precision,detection_recall,detection_f1,detection_tp,detection_fp,detection_fn,valid_item_location_precision,valid_item_location_recall,valid_item_location_f1,valid_item_location_tp,valid_item_location_fp,valid_item_location_fn,typed_character_precision,typed_character_recall,typed_character_f1,typed_character_tp,typed_character_fp,typed_character_fn
0925-01-kanana-3b-full,kakaocorp/kanana-2-3b-instruct,full_context_targeted,1440,13723,218664,85575,0.7222181738686876,0.02178823872331123,0.18895285287473584,0.0007287036362311448,0.9232675071048605,0.11814198071866784,75465,0.5483244293346284,0.005163172721618556,0.010230016808397855,1129,930,217535,0.05636274303362111,0.02203380529030842,0.03168215265037186,4818,80664,213846,0.06622368838121177,0.025797570702081732,0.03713077391433132,5641,79540,213023,0.735826637999321,0.009448831941280504,0.018658073479668295,65025,23345,6816778
0925-02-kanana-3b-local,kakaocorp/kanana-2-3b-instruct,local_window,1440,13723,218664,44969,0.6361582744297894,0.08686147343875246,0.1651242439699774,7.287036362311447e-05,0.7668148364060337,0.29364673441704287,31764,0.42020531964535696,0.008236380931474774,0.016156088809150034,1801,2485,216863,0.12017645486142055,0.024667983755899462,0.04093371985368889,5394,39490,213270,0.14258618766038156,0.029222917352650642,0.04850481442543808,6390,38425,212274,0.5339735094205089,0.010011475190440645,0.019654448902626364,68897,60130,6812906
0925-03-qwen-2b-full,Qwen/Qwen3.5-2B,full_context_targeted,1440,13723,218664,70200,0.28477738103913136,0.013772498724768637,0.2524229395904686,0.04641842162792392,0.9766086132769802,0.08122507122507122,64498,0.42524916943521596,0.0005853729923535653,0.0011691366200077638,128,173,218536,0.033937140633781504,0.010769948414005049,0.0163509305449963,2355,67038,216309,0.04173943163941288,0.013225771045988365,0.02008675087080788,2892,66395,215772,0.540489774835059,0.003345053614583271,0.006648957295035493,23020,19571,6858783
0925-06-qwen-4b-local,Qwen/Qwen3.5-4B,local_window,1440,13723,218664,113752,0.4736573635502441,0.049916199081833416,0.15259054142680173,0.009546017634627996,0.8998032500182176,0.2670898094099444,83370,0.5209347614410905,0.0048933523579555846,0.00969562971755815,1070,984,217594,0.12585899270408255,0.065163904437859,0.08586890363326283,14249,98965,204415,0.1398021517543782,0.07232100391468188,0.09532794222695092,15814,97303,202850,0.7045740239812991,0.028424673010837422,0.05464480721665785,195613,82020,6686190
0926-01-qwen-9b-full,Qwen/Qwen3.5-9B,full_context_targeted,1440,13723,218664,139591,0.7579246520440137,0.16825766960577132,0.0573489761713911,0.01741601690592436,0.7574145594986519,0.30977641825046026,96349,0.6416447944006999,0.016770021585629093,0.032685768275997305,3667,2048,214997,0.1858201438848921,0.1181218673398456,0.14443164534311534,25829,113171,192835,0.2007028813815652,0.12745124940548055,0.1559013316700278,27869,110988,190795,0.770798289809109,0.055799911738246506,0.10406622336904656,384004,114186,6497799
0926-02-qwen-9b-local,Qwen/Qwen3.5-9B,local_window,1440,13723,218664,145971,0.7634627996793704,0.13823507979304817,0.04962471762734096,0.006121110544341616,0.7485972455002551,0.3997848887792781,87614,0.6265572774232756,0.01885998609739143,0.03661774237944292,4124,2458,214540,0.2261789984022919,0.15019847803021988,0.18051952334886992,32843,112365,185821,0.24706255516328332,0.16385870559397067,0.1970370207430545,35830,109194,182834,0.7524991177794814,0.07188770152240627,0.13123798369463216,494717,162715,6387086
0926-03-kanana-8b-full-1438,kakaocorp/kanana-1.5-8b-instruct-2505,full_context_targeted,1438,13653,218197,260951,0.46092433897311946,0.007397641543983007,0.4022559144510364,0.06394199077125906,0.987035816304109,0.09888446489954053,235147,0.6426056338028169,0.0016728002676480427,0.0033369140401801017,365,203,217832,0.051067495231649544,0.060862431655797286,0.055536388252882936,13280,246768,204917,0.055809669874030375,0.06637579801738795,0.060635874935106256,14483,245024,203714,0.751099575512709,0.03421417332832065,0.06544709321935471,234980,77868,6632934
0926-04-kanana-8b-local-1438,kakaocorp/kanana-1.5-8b-instruct-2505,local_window,1438,13653,218197,117066,0.4000585951805464,0.002343807221856002,0.5467662784735956,0.012890939720208014,0.9753167801948289,0.2850101652059522,83701,0.6052287581699346,0.004243871363950925,0.00842864099541704,926,604,217271,0.12014210263732861,0.06401096257052113,0.08352195089863687,13967,102287,204230,0.1390896016357367,0.07357571368992241,0.09624152101648886,16054,99368,202143,0.6154609177316344,0.043454970461190984,0.08117830053665073,298445,186468,6569469
0928-01-exaone-33b-full,LGAI-EXAONE/EXAONE-4.5-33B,full_context_targeted,1440,13723,218664,230356,0.6287983677038549,0.2636449755884282,0.16891350287837936,0.11498943379727465,0.6998469722363915,0.1910173817916616,186354,0.4644155844155844,0.004088464493469433,0.008105571900684078,894,1031,217770,0.08672797799439365,0.09069622800278052,0.08866772627997488,19832,208837,198832,0.09888859602881743,0.10294790180368053,0.10087742883774288,22511,205129,196153,0.5088278529808854,0.06659403066318521,0.11777410142660272,458287,442385,6423516
0928-02-exaone-33b-local,LGAI-EXAONE/EXAONE-4.5-33B,local_window,1440,13723,218664,215241,0.8012825183997668,0.29862275012752315,0.10194563870873716,0.013262406179406836,0.6406033666107994,0.3245710622046915,145380,0.6150627615062761,0.009411700142684666,0.018539705418674834,2058,1288,216606,0.14678297369974422,0.14328833278454614,0.1450146023576675,31332,182126,187332,0.16525297864615993,0.16028701569531337,0.16273212042984792,35049,177044,183615,0.5954523143454772,0.10788291963603143,0.18267003008500196,742429,504403,6139374
0928-03-qwen3-30b-full,Qwen/Qwen3-30B-A3B,full_context_targeted,1440,13723,218664,147444,0.9041754718356044,0.5306419879035197,0.011440647088828974,0.08212489980325002,0.45463819864461125,0.16081359702666775,123733,0.6682408500590319,0.0025884462005634217,0.005156916965436812,566,281,218098,0.09382991457641873,0.06309223283210771,0.07545064753237662,13796,133236,204868,0.09810753244278705,0.06593220649032305,0.07886437919669598,14417,132534,204247,0.8812804131713288,0.03431687887607361,0.06606134259534456,236162,31814,6645641
0928-04-qwen3-30b-local,Qwen/Qwen3-30B-A3B,local_window,1440,13723,218664,172786,0.9377687094658602,0.17612766887706768,0.01267944327042192,0.04751147708227064,0.7532609487721343,0.2856249927656176,123434,0.6117684681803646,0.008748582299784143,0.017250474545856233,1913,1214,216751,0.150365243243871,0.11842370028902792,0.13249658461207844,25895,146319,192769,0.15902936767115647,0.12516006292759668,0.14007646676459598,27368,144726,191296,0.8547467808583877,0.06624688326591156,0.12296351738158573,455898,77474,6425905
