analysis_id,model,condition,stage,documents,requests,exact_precision,exact_recall,exact_f1,character_precision,character_recall,character_f1,invalid_items,requests_with_errors
0925-01-kanana-3b-full,kakaocorp/kanana-2-3b-instruct,full_context_targeted,strict,1440,13723,0.5483244293346284,0.005163172721618556,0.010230016808397855,0.7594803897077193,0.0022088688095256433,0.004404926354186679,0,12670
0925-01-kanana-3b-full,kakaocorp/kanana-2-3b-instruct,full_context_targeted,itemwise,1440,13723,0.05628258450002929,0.021969780119269748,0.03160328795239771,0.7356303588440775,0.009425146287971335,0.018611831462810126,75359,12670
0925-01-kanana-3b-full,kakaocorp/kanana-2-3b-instruct,full_context_targeted,fence_itemwise,1440,13723,0.05636274303362111,0.02203380529030842,0.03168215265037186,0.735826637999321,0.009448831941280504,0.018658073479668295,75465,12666
0925-02-kanana-3b-local,kakaocorp/kanana-2-3b-instruct,local_window,strict,1440,13723,0.42020531964535696,0.008236380931474774,0.016156088809150034,0.4720264544796941,0.0033187523676571386,0.0065911631834518775,0,10523
0925-02-kanana-3b-local,kakaocorp/kanana-2-3b-instruct,local_window,itemwise,1440,13723,0.12025881302989737,0.024649690849888415,0.04091330023834464,0.5341017506573691,0.010005808070937225,0.019643614655600574,31716,10523
0925-02-kanana-3b-local,kakaocorp/kanana-2-3b-instruct,local_window,fence_itemwise,1440,13723,0.12017645486142055,0.024667983755899462,0.04093371985368889,0.5339735094205089,0.010011475190440645,0.019654448902626364,31764,10519
0925-03-qwen-2b-full,Qwen/Qwen3.5-2B,full_context_targeted,strict,1440,13723,0.42524916943521596,0.0005853729923535653,0.0011691366200077638,0.3915108340753933,0.00019166488782082253,0.0003831422076311238,0,13402
0925-03-qwen-2b-full,Qwen/Qwen3.5-2B,full_context_targeted,itemwise,1440,13723,0.03001810272621653,0.005080854644568836,0.008690720641439328,0.5442803528781011,0.0016226852178128318,0.0032357236407468794,34608,13402
0925-03-qwen-2b-full,Qwen/Qwen3.5-2B,full_context_targeted,fence_itemwise,1440,13723,0.033937140633781504,0.010769948414005049,0.0163509305449963,0.540489774835059,0.003345053614583271,0.006648957295035493,64498,13153
