analysis_id,model,condition,stage,metric,axis,group,tp,fp,fn,precision,recall,f1
0925-06-qwen-4b-local,Qwen/Qwen3.5-4B,local_window,strict,exact_with_invalid_item_fp,doc_type,bank_statement,100,101,26063,0.4975124378109453,0.0038221916446890647,0.007586102260658474
0925-06-qwen-4b-local,Qwen/Qwen3.5-4B,local_window,strict,exact_with_invalid_item_fp,doc_type,card_statement,145,149,23005,0.4931972789115646,0.0062634989200863935,0.012369902746971506
0925-06-qwen-4b-local,Qwen/Qwen3.5-4B,local_window,strict,exact_with_invalid_item_fp,doc_type,complaint_case,103,75,19602,0.5786516853932584,0.005227099720883025,0.010360609565960872
0925-06-qwen-4b-local,Qwen/Qwen3.5-4B,local_window,strict,exact_with_invalid_item_fp,doc_type,cs_transcript,67,79,18241,0.4589041095890411,0.003659602359624208,0.007261298363498429
0925-06-qwen-4b-local,Qwen/Qwen3.5-4B,local_window,strict,exact_with_invalid_item_fp,doc_type,insurance_claim,94,78,18400,0.5465116279069767,0.005082729533902887,0.01007178827815279
0925-06-qwen-4b-local,Qwen/Qwen3.5-4B,local_window,strict,exact_with_invalid_item_fp,doc_type,internal_memo,63,86,23954,0.4228187919463087,0.0026231419411250363,0.005213936936191343
0925-06-qwen-4b-local,Qwen/Qwen3.5-4B,local_window,strict,exact_with_invalid_item_fp,doc_type,kyc_form,123,102,24879,0.5466666666666666,0.004919606431485481,0.009751456772505648
0925-06-qwen-4b-local,Qwen/Qwen3.5-4B,local_window,strict,exact_with_invalid_item_fp,doc_type,loan_contract,104,97,17848,0.5174129353233831,0.005793226381461676,0.011458161185478984
0925-06-qwen-4b-local,Qwen/Qwen3.5-4B,local_window,strict,exact_with_invalid_item_fp,doc_type,phishing_report,163,95,22495,0.6317829457364341,0.007193927089769618,0.014225868388898586
0925-06-qwen-4b-local,Qwen/Qwen3.5-4B,local_window,strict,exact_with_invalid_item_fp,doc_type,securities_trade_report,108,122,23107,0.46956521739130436,0.004652164548783115,0.009213051823416507
0925-06-qwen-4b-local,Qwen/Qwen3.5-4B,local_window,strict,exact_with_invalid_item_fp,variation_level,T0,498,171,57822,0.7443946188340808,0.008539094650205761,0.016884503890555867
0925-06-qwen-4b-local,Qwen/Qwen3.5-4B,local_window,strict,exact_with_invalid_item_fp,variation_level,T1,147,331,56867,0.3075313807531381,0.0025783140982916478,0.0051137549572114385
0925-06-qwen-4b-local,Qwen/Qwen3.5-4B,local_window,strict,exact_with_invalid_item_fp,variation_level,T2,202,209,57162,0.49148418491484186,0.003521372289240639,0.006992643877109477
0925-06-qwen-4b-local,Qwen/Qwen3.5-4B,local_window,strict,exact_with_invalid_item_fp,variation_level,T3,223,273,45743,0.4495967741935484,0.0048514119131532005,0.009599242391631872
0925-06-qwen-4b-local,Qwen/Qwen3.5-4B,local_window,strict,exact_with_invalid_item_fp,context_len_bucket,16k,714,645,126832,0.5253863134657837,0.005597980336506045,0.01107792560412707
0925-06-qwen-4b-local,Qwen/Qwen3.5-4B,local_window,strict,exact_with_invalid_item_fp,context_len_bucket,1k,90,83,26555,0.5202312138728323,0.003377744417339088,0.006711909911253635
0925-06-qwen-4b-local,Qwen/Qwen3.5-4B,local_window,strict,exact_with_invalid_item_fp,context_len_bucket,4k,266,256,64207,0.5095785440613027,0.004125758069269307,0.008185245018847603
0925-06-qwen-4b-local,Qwen/Qwen3.5-4B,local_window,strict,exact_with_invalid_item_fp,num_subjects,1,321,343,41937,0.48343373493975905,0.007596194803350845,0.014957364521690508
0925-06-qwen-4b-local,Qwen/Qwen3.5-4B,local_window,strict,exact_with_invalid_item_fp,num_subjects,3,371,280,72938,0.5698924731182796,0.005060770164645541,0.010032449972958355
0925-06-qwen-4b-local,Qwen/Qwen3.5-4B,local_window,strict,exact_with_invalid_item_fp,num_subjects,8,378,361,102719,0.5115020297699594,0.0036664500421932744,0.007280711891829423
0925-06-qwen-4b-local,Qwen/Qwen3.5-4B,local_window,strict,exact_with_invalid_item_fp,generator_model,gpt-6-astra,486,430,77765,0.5305676855895196,0.006210783248776374,0.012277843040660881
0925-06-qwen-4b-local,Qwen/Qwen3.5-4B,local_window,strict,exact_with_invalid_item_fp,generator_model,zai-org/GLM-5.2-FP8,584,554,139829,0.5131810193321616,0.004159159052224509,0.008251442942826261
0925-06-qwen-4b-local,Qwen/Qwen3.5-4B,local_window,strict,exact_with_invalid_item_fp,category,access_credential,19,32,1914,0.37254901960784315,0.00982928091050181,0.019153225806451613
0925-06-qwen-4b-local,Qwen/Qwen3.5-4B,local_window,strict,exact_with_invalid_item_fp,category,address,36,55,3204,0.3956043956043956,0.011111111111111112,0.02161513059141399
0925-06-qwen-4b-local,Qwen/Qwen3.5-4B,local_window,strict,exact_with_invalid_item_fp,category,bank_account_no,116,54,17289,0.6823529411764706,0.006664751508187302,0.013200568990042674
0925-06-qwen-4b-local,Qwen/Qwen3.5-4B,local_window,strict,exact_with_invalid_item_fp,category,business_reg_no,8,59,604,0.11940298507462686,0.013071895424836602,0.023564064801178203
0925-06-qwen-4b-local,Qwen/Qwen3.5-4B,local_window,strict,exact_with_invalid_item_fp,category,card_no,30,5,3254,0.8571428571428571,0.009135200974421437,0.018077734257306417
0925-06-qwen-4b-local,Qwen/Qwen3.5-4B,local_window,strict,exact_with_invalid_item_fp,category,consultation_content,2,8,33868,0.2,5.9049306170652494e-05,0.0001180637544273908
0925-06-qwen-4b-local,Qwen/Qwen3.5-4B,local_window,strict,exact_with_invalid_item_fp,category,contract_no,15,3,5141,0.8333333333333334,0.0029092319627618307,0.005798221878623889
0925-06-qwen-4b-local,Qwen/Qwen3.5-4B,local_window,strict,exact_with_invalid_item_fp,category,corp_reg_no,1,1,194,0.5,0.005128205128205128,0.01015228426395939
0925-06-qwen-4b-local,Qwen/Qwen3.5-4B,local_window,strict,exact_with_invalid_item_fp,category,credit_score,0,33,2559,0.0,0.0,0.0
0925-06-qwen-4b-local,Qwen/Qwen3.5-4B,local_window,strict,exact_with_invalid_item_fp,category,credit_transaction,0,85,11273,0.0,0.0,0.0
0925-06-qwen-4b-local,Qwen/Qwen3.5-4B,local_window,strict,exact_with_invalid_item_fp,category,customer_id,35,64,6908,0.35353535353535354,0.005041048538095924,0.009940357852882704
0925-06-qwen-4b-local,Qwen/Qwen3.5-4B,local_window,strict,exact_with_invalid_item_fp,category,delinquency_info,0,1,2243,0.0,0.0,0.0
0925-06-qwen-4b-local,Qwen/Qwen3.5-4B,local_window,strict,exact_with_invalid_item_fp,category,device_network,1,6,1619,0.14285714285714285,0.0006172839506172839,0.001229256299938537
0925-06-qwen-4b-local,Qwen/Qwen3.5-4B,local_window,strict,exact_with_invalid_item_fp,category,dob_age,0,37,4383,0.0,0.0,0.0
0925-06-qwen-4b-local,Qwen/Qwen3.5-4B,local_window,strict,exact_with_invalid_item_fp,category,driver_license_no,13,8,503,0.6190476190476191,0.025193798449612403,0.048417132216014895
0925-06-qwen-4b-local,Qwen/Qwen3.5-4B,local_window,strict,exact_with_invalid_item_fp,category,education,0,0,607,0.0,0.0,0.0
0925-06-qwen-4b-local,Qwen/Qwen3.5-4B,local_window,strict,exact_with_invalid_item_fp,category,email,61,58,3105,0.5126050420168067,0.01926721415034744,0.03713850837138508
0925-06-qwen-4b-local,Qwen/Qwen3.5-4B,local_window,strict,exact_with_invalid_item_fp,category,employer_affiliation,1,2,4361,0.3333333333333333,0.00022925263640531865,0.0004581901489117984
0925-06-qwen-4b-local,Qwen/Qwen3.5-4B,local_window,strict,exact_with_invalid_item_fp,category,family_relation,0,0,2100,0.0,0.0,0.0
0925-06-qwen-4b-local,Qwen/Qwen3.5-4B,local_window,strict,exact_with_invalid_item_fp,category,financial_capacity,0,21,9787,0.0,0.0,0.0
0925-06-qwen-4b-local,Qwen/Qwen3.5-4B,local_window,strict,exact_with_invalid_item_fp,category,foreigner_reg_no,21,8,823,0.7241379310344828,0.024881516587677725,0.048109965635738834
0925-06-qwen-4b-local,Qwen/Qwen3.5-4B,local_window,strict,exact_with_invalid_item_fp,category,gender,0,16,3393,0.0,0.0,0.0
0925-06-qwen-4b-local,Qwen/Qwen3.5-4B,local_window,strict,exact_with_invalid_item_fp,category,investment_profile,0,3,3300,0.0,0.0,0.0
0925-06-qwen-4b-local,Qwen/Qwen3.5-4B,local_window,strict,exact_with_invalid_item_fp,category,life_event,0,1,1593,0.0,0.0,0.0
0925-06-qwen-4b-local,Qwen/Qwen3.5-4B,local_window,strict,exact_with_invalid_item_fp,category,location_mention,3,5,2033,0.375,0.0014734774066797642,0.0029354207436399216
0925-06-qwen-4b-local,Qwen/Qwen3.5-4B,local_window,strict,exact_with_invalid_item_fp,category,nationality,7,13,3313,0.35,0.002108433734939759,0.004191616766467066
0925-06-qwen-4b-local,Qwen/Qwen3.5-4B,local_window,strict,exact_with_invalid_item_fp,category,online_handle,15,25,543,0.375,0.026881720430107527,0.05016722408026756
0925-06-qwen-4b-local,Qwen/Qwen3.5-4B,local_window,strict,exact_with_invalid_item_fp,category,passport_no,6,8,554,0.42857142857142855,0.010714285714285714,0.020905923344947737
0925-06-qwen-4b-local,Qwen/Qwen3.5-4B,local_window,strict,exact_with_invalid_item_fp,category,person_name,471,276,38666,0.6305220883534136,0.01203464752024938,0.023618493631531443
0925-06-qwen-4b-local,Qwen/Qwen3.5-4B,local_window,strict,exact_with_invalid_item_fp,category,phone_no,153,56,8113,0.7320574162679426,0.018509557222356643,0.036106194690265485
0925-06-qwen-4b-local,Qwen/Qwen3.5-4B,local_window,strict,exact_with_invalid_item_fp,category,public_record,0,4,796,0.0,0.0,0.0
0925-06-qwen-4b-local,Qwen/Qwen3.5-4B,local_window,strict,exact_with_invalid_item_fp,category,rrn,43,14,5962,0.7543859649122807,0.007160699417152373,0.01418673705047839
0925-06-qwen-4b-local,Qwen/Qwen3.5-4B,local_window,strict,exact_with_invalid_item_fp,category,securities_account_no,12,6,3179,0.6666666666666666,0.003760576621748668,0.00747896540978498
0925-06-qwen-4b-local,Qwen/Qwen3.5-4B,local_window,strict,exact_with_invalid_item_fp,category,sensitive_info,0,7,1990,0.0,0.0,0.0
0925-06-qwen-4b-local,Qwen/Qwen3.5-4B,local_window,strict,exact_with_invalid_item_fp,category,service_usage,1,1,3562,0.5,0.000280662363177098,0.0005610098176718093
0925-06-qwen-4b-local,Qwen/Qwen3.5-4B,local_window,strict,exact_with_invalid_item_fp,category,transaction_record,0,9,24858,0.0,0.0,0.0
0925-06-qwen-4b-local,Qwen/Qwen3.5-4B,local_window,strict,exact_with_invalid_item_fp,tier_kind_tlevel,I/attribute/T0,3,19,16315,0.13636363636363635,0.0001838460595661233,0.0003671970624235006
0925-06-qwen-4b-local,Qwen/Qwen3.5-4B,local_window,strict,exact_with_invalid_item_fp,tier_kind_tlevel,I/attribute/T1,3,30,15623,0.09090909090909091,0.00019198771278638167,0.0003831662302829044
0925-06-qwen-4b-local,Qwen/Qwen3.5-4B,local_window,strict,exact_with_invalid_item_fp,tier_kind_tlevel,I/attribute/T2,4,10,15860,0.2857142857142857,0.0002521432173474534,0.0005038417936767855
0925-06-qwen-4b-local,Qwen/Qwen3.5-4B,local_window,strict,exact_with_invalid_item_fp,tier_kind_tlevel,I/attribute/T3,5,33,16334,0.13157894736842105,0.00030601628006609954,0.0006106124442816145
0925-06-qwen-4b-local,Qwen/Qwen3.5-4B,local_window,strict,exact_with_invalid_item_fp,tier_kind_tlevel,L/attribute/T0,0,38,13995,0.0,0.0,0.0
0925-06-qwen-4b-local,Qwen/Qwen3.5-4B,local_window,strict,exact_with_invalid_item_fp,tier_kind_tlevel,L/attribute/T1,0,38,13612,0.0,0.0,0.0
0925-06-qwen-4b-local,Qwen/Qwen3.5-4B,local_window,strict,exact_with_invalid_item_fp,tier_kind_tlevel,L/attribute/T2,0,28,13359,0.0,0.0,0.0
0925-06-qwen-4b-local,Qwen/Qwen3.5-4B,local_window,strict,exact_with_invalid_item_fp,tier_kind_tlevel,L/attribute/T3,0,56,12540,0.0,0.0,0.0
0925-06-qwen-4b-local,Qwen/Qwen3.5-4B,local_window,strict,exact_with_invalid_item_fp,tier_kind_tlevel,L/identifier/T0,495,114,27512,0.812807881773399,0.017674152890348842,0.03459603019289908
0925-06-qwen-4b-local,Qwen/Qwen3.5-4B,local_window,strict,exact_with_invalid_item_fp,tier_kind_tlevel,L/identifier/T1,144,263,27632,0.3538083538083538,0.005184331797235023,0.010218926303090516
0925-06-qwen-4b-local,Qwen/Qwen3.5-4B,local_window,strict,exact_with_invalid_item_fp,tier_kind_tlevel,L/identifier/T2,198,171,27943,0.5365853658536586,0.007035997299314168,0.01388986320589267
0925-06-qwen-4b-local,Qwen/Qwen3.5-4B,local_window,strict,exact_with_invalid_item_fp,tier_kind_tlevel,L/identifier/T3,218,184,16869,0.5422885572139303,0.01275823725639375,0.024929955972325463
0925-06-qwen-4b-local,Qwen/Qwen3.5-4B,local_window,strict,anchored_character_coverage,doc_type,bank_statement,1155,554,1152625,0.6758338209479228,0.0010010573939572536,0.0019991536050970628
0925-06-qwen-4b-local,Qwen/Qwen3.5-4B,local_window,strict,anchored_character_coverage,doc_type,card_statement,2251,1009,792526,0.6904907975460123,0.002832240993385566,0.005641342444022019
0925-06-qwen-4b-local,Qwen/Qwen3.5-4B,local_window,strict,anchored_character_coverage,doc_type,complaint_case,1127,365,716312,0.7553619302949062,0.0015708652582310135,0.003135210472214997
0925-06-qwen-4b-local,Qwen/Qwen3.5-4B,local_window,strict,anchored_character_coverage,doc_type,cs_transcript,1014,465,436251,0.6855983772819473,0.002318959898459744,0.0046222854329631856
0925-06-qwen-4b-local,Qwen/Qwen3.5-4B,local_window,strict,anchored_character_coverage,doc_type,insurance_claim,1071,369,640680,0.74375,0.0016688715716843448,0.0033302704795309637
0925-06-qwen-4b-local,Qwen/Qwen3.5-4B,local_window,strict,anchored_character_coverage,doc_type,internal_memo,741,550,651200,0.5739736638264911,0.0011366059198608463,0.0022687192299213755
0925-06-qwen-4b-local,Qwen/Qwen3.5-4B,local_window,strict,anchored_character_coverage,doc_type,kyc_form,1694,662,646519,0.7190152801358234,0.002613338516814689,0.00520774890903194
0925-06-qwen-4b-local,Qwen/Qwen3.5-4B,local_window,strict,anchored_character_coverage,doc_type,loan_contract,1654,478,363492,0.775797373358349,0.004529694971326538,0.009006801387504832
0925-06-qwen-4b-local,Qwen/Qwen3.5-4B,local_window,strict,anchored_character_coverage,doc_type,phishing_report,2259,476,659286,0.8259597806215722,0.0034147336915856066,0.006801348828807129
0925-06-qwen-4b-local,Qwen/Qwen3.5-4B,local_window,strict,anchored_character_coverage,doc_type,securities_trade_report,1336,1044,808610,0.561344537815126,0.001649492682228198,0.0032893198051028773
0925-06-qwen-4b-local,Qwen/Qwen3.5-4B,local_window,strict,anchored_character_coverage,variation_level,T0,5304,1598,1743413,0.7684729064039408,0.003033080824398688,0.006042313280956745
0925-06-qwen-4b-local,Qwen/Qwen3.5-4B,local_window,strict,anchored_character_coverage,variation_level,T1,3335,1323,1800124,0.7159725203950194,0.0018492241853016898,0.0036889205731708732
0925-06-qwen-4b-local,Qwen/Qwen3.5-4B,local_window,strict,anchored_character_coverage,variation_level,T2,2610,1343,1804723,0.6602580318745257,0.0014441168284981241,0.0028819302970375742
0925-06-qwen-4b-local,Qwen/Qwen3.5-4B,local_window,strict,anchored_character_coverage,variation_level,T3,3053,1708,1519241,0.6412518378491914,0.0020055258708239015,0.003998546221321432
0925-06-qwen-4b-local,Qwen/Qwen3.5-4B,local_window,strict,anchored_character_coverage,context_len_bucket,16k,9477,3810,4524620,0.7132535561074734,0.0020901626056963494,0.004168110720361421
0925-06-qwen-4b-local,Qwen/Qwen3.5-4B,local_window,strict,anchored_character_coverage,context_len_bucket,1k,1252,668,555276,0.6520833333333333,0.002249662191300348,0.004483855255995187
0925-06-qwen-4b-local,Qwen/Qwen3.5-4B,local_window,strict,anchored_character_coverage,context_len_bucket,4k,3573,1494,1787605,0.7051509769094139,0.0019947766218656104,0.0039782991741104355
0925-06-qwen-4b-local,Qwen/Qwen3.5-4B,local_window,strict,anchored_character_coverage,num_subjects,1,4172,2132,1840938,0.6618020304568528,0.0022611118036323036,0.004506825593843408
0925-06-qwen-4b-local,Qwen/Qwen3.5-4B,local_window,strict,anchored_character_coverage,num_subjects,3,4498,1777,2349282,0.7168127490039841,0.0019109687396443168,0.0038117755730268997
0925-06-qwen-4b-local,Qwen/Qwen3.5-4B,local_window,strict,anchored_character_coverage,num_subjects,8,5632,2063,2677281,0.7319038336582196,0.0020992108204775928,0.004186414371770247
0925-06-qwen-4b-local,Qwen/Qwen3.5-4B,local_window,strict,anchored_character_coverage,generator_model,gpt-6-astra,6214,2514,3276518,0.711961503208066,0.0018929355183426486,0.0037758320016041515
0925-06-qwen-4b-local,Qwen/Qwen3.5-4B,local_window,strict,anchored_character_coverage,generator_model,zai-org/GLM-5.2-FP8,8088,3458,3590983,0.7005023384721981,0.0022472465811316307,0.00448012071067078
0925-06-qwen-4b-local,Qwen/Qwen3.5-4B,local_window,strict,anchored_character_coverage,category,access_credential,167,322,12921,0.34151329243353784,0.012759779951100244,0.024600427193047066
0925-06-qwen-4b-local,Qwen/Qwen3.5-4B,local_window,strict,anchored_character_coverage,category,address,987,543,68835,0.6450980392156863,0.014135945690470053,0.027665657584931048
0925-06-qwen-4b-local,Qwen/Qwen3.5-4B,local_window,strict,anchored_character_coverage,category,bank_account_no,1949,481,271117,0.8020576131687243,0.0071374685973354425,0.014149025757179778
0925-06-qwen-4b-local,Qwen/Qwen3.5-4B,local_window,strict,anchored_character_coverage,category,business_reg_no,116,750,7601,0.13394919168591224,0.01503174808863548,0.0270301759291623
0925-06-qwen-4b-local,Qwen/Qwen3.5-4B,local_window,strict,anchored_character_coverage,category,card_no,574,39,61938,0.9363784665579119,0.009182237010493985,0.018186138613861386
0925-06-qwen-4b-local,Qwen/Qwen3.5-4B,local_window,strict,anchored_character_coverage,category,consultation_content,298,156,2339114,0.6563876651982379,0.00012738243627031067,0.00025471544096969655
0925-06-qwen-4b-local,Qwen/Qwen3.5-4B,local_window,strict,anchored_character_coverage,category,contract_no,179,2,59092,0.988950276243094,0.0030200266572185386,0.0060216645360963465
0925-06-qwen-4b-local,Qwen/Qwen3.5-4B,local_window,strict,anchored_character_coverage,category,corp_reg_no,27,0,2787,1.0,0.009594882729211088,0.01900739176346357
0925-06-qwen-4b-local,Qwen/Qwen3.5-4B,local_window,strict,anchored_character_coverage,category,credit_score,349,36,70934,0.9064935064935065,0.004895978003170462,0.009739353686443042
0925-06-qwen-4b-local,Qwen/Qwen3.5-4B,local_window,strict,anchored_character_coverage,category,credit_transaction,214,847,543218,0.20169651272384542,0.0003937935197043972,0.0007860523459438414
0925-06-qwen-4b-local,Qwen/Qwen3.5-4B,local_window,strict,anchored_character_coverage,category,customer_id,357,628,64926,0.36243654822335025,0.0054684986903175406,0.010774431097965836
0925-06-qwen-4b-local,Qwen/Qwen3.5-4B,local_window,strict,anchored_character_coverage,category,delinquency_info,0,7,88834,0.0,0.0,0.0
0925-06-qwen-4b-local,Qwen/Qwen3.5-4B,local_window,strict,anchored_character_coverage,category,device_network,124,10,58757,0.9253731343283582,0.002105942494183183,0.004202321443700754
0925-06-qwen-4b-local,Qwen/Qwen3.5-4B,local_window,strict,anchored_character_coverage,category,dob_age,247,98,87212,0.7159420289855073,0.002824180473135984,0.005626167372784839
0925-06-qwen-4b-local,Qwen/Qwen3.5-4B,local_window,strict,anchored_character_coverage,category,driver_license_no,198,125,7829,0.6130030959752322,0.024666749719696027,0.0474251497005988
0925-06-qwen-4b-local,Qwen/Qwen3.5-4B,local_window,strict,anchored_character_coverage,category,education,0,0,16123,0.0,0.0,0.0
0925-06-qwen-4b-local,Qwen/Qwen3.5-4B,local_window,strict,anchored_character_coverage,category,email,2138,49,62296,0.9775948788294467,0.03318123971816122,0.06418396601672145
0925-06-qwen-4b-local,Qwen/Qwen3.5-4B,local_window,strict,anchored_character_coverage,category,employer_affiliation,22,0,71435,1.0,0.00030787746476902195,0.0006155654108199612
0925-06-qwen-4b-local,Qwen/Qwen3.5-4B,local_window,strict,anchored_character_coverage,category,family_relation,0,0,49598,0.0,0.0,0.0
0925-06-qwen-4b-local,Qwen/Qwen3.5-4B,local_window,strict,anchored_character_coverage,category,financial_capacity,158,39,256022,0.8020304568527918,0.0006167538449527676,0.001232559863014233
0925-06-qwen-4b-local,Qwen/Qwen3.5-4B,local_window,strict,anchored_character_coverage,category,foreigner_reg_no,332,66,11868,0.8341708542713567,0.02721311475409836,0.052706778853786315
0925-06-qwen-4b-local,Qwen/Qwen3.5-4B,local_window,strict,anchored_character_coverage,category,gender,32,0,23721,1.0,0.0013471982486422767,0.0026907714946394785
0925-06-qwen-4b-local,Qwen/Qwen3.5-4B,local_window,strict,anchored_character_coverage,category,investment_profile,35,0,138293,1.0,0.0002530218032502458,0.0005059155988233849
0925-06-qwen-4b-local,Qwen/Qwen3.5-4B,local_window,strict,anchored_character_coverage,category,life_event,0,9,57474,0.0,0.0,0.0
0925-06-qwen-4b-local,Qwen/Qwen3.5-4B,local_window,strict,anchored_character_coverage,category,location_mention,40,39,40196,0.5063291139240507,0.0009941346058256288,0.0019843730621356814
0925-06-qwen-4b-local,Qwen/Qwen3.5-4B,local_window,strict,anchored_character_coverage,category,nationality,86,20,30461,0.8113207547169812,0.002815333747994893,0.0056111962940005875
0925-06-qwen-4b-local,Qwen/Qwen3.5-4B,local_window,strict,anchored_character_coverage,category,online_handle,208,300,5404,0.4094488188976378,0.03706343549536707,0.06797385620915032
0925-06-qwen-4b-local,Qwen/Qwen3.5-4B,local_window,strict,anchored_character_coverage,category,passport_no,81,33,5199,0.7105263157894737,0.01534090909090909,0.030033370411568408
0925-06-qwen-4b-local,Qwen/Qwen3.5-4B,local_window,strict,anchored_character_coverage,category,person_name,2265,464,164096,0.8299743495786002,0.013614969854713544,0.02679046661541191
0925-06-qwen-4b-local,Qwen/Qwen3.5-4B,local_window,strict,anchored_character_coverage,category,phone_no,2136,495,111615,0.8118586088939567,0.018777856897961336,0.03670670722276641
0925-06-qwen-4b-local,Qwen/Qwen3.5-4B,local_window,strict,anchored_character_coverage,category,public_record,15,61,37166,0.19736842105263158,0.0004034318603587854,0.0008052178114179886
0925-06-qwen-4b-local,Qwen/Qwen3.5-4B,local_window,strict,anchored_character_coverage,category,rrn,642,130,86231,0.8316062176165803,0.007390098189310833,0.01465000855724799
0925-06-qwen-4b-local,Qwen/Qwen3.5-4B,local_window,strict,anchored_character_coverage,category,securities_account_no,148,54,35900,0.7326732673267327,0.0041056369285397245,0.00816551724137931
0925-06-qwen-4b-local,Qwen/Qwen3.5-4B,local_window,strict,anchored_character_coverage,category,sensitive_info,6,38,129612,0.13636363636363635,4.628986714808128e-05,9.254831793432154e-05
0925-06-qwen-4b-local,Qwen/Qwen3.5-4B,local_window,strict,anchored_character_coverage,category,service_usage,25,12,170855,0.6756756756756757,0.00014630149812734083,0.0002925396537500658
0925-06-qwen-4b-local,Qwen/Qwen3.5-4B,local_window,strict,anchored_character_coverage,category,transaction_record,147,119,1618821,0.5526315789473685,9.079858280089539e-05,0.00018156733368988051
0925-06-qwen-4b-local,Qwen/Qwen3.5-4B,local_window,strict,anchored_character_coverage,tier_kind_tlevel,I/attribute/T0,268,58,772149,0.8220858895705522,0.0003469628451989016,0.000693632941353076
0925-06-qwen-4b-local,Qwen/Qwen3.5-4B,local_window,strict,anchored_character_coverage,tier_kind_tlevel,I/attribute/T1,138,147,772226,0.4842105263157895,0.00017867223226354414,0.00035721265412884764
0925-06-qwen-4b-local,Qwen/Qwen3.5-4B,local_window,strict,anchored_character_coverage,tier_kind_tlevel,I/attribute/T2,177,50,789622,0.7797356828193832,0.00022410765270657472,0.0004480865186715374
0925-06-qwen-4b-local,Qwen/Qwen3.5-4B,local_window,strict,anchored_character_coverage,tier_kind_tlevel,I/attribute/T3,326,89,749242,0.7855421686746988,0.00043491717896174863,0.0008693530386688765
0925-06-qwen-4b-local,Qwen/Qwen3.5-4B,local_window,strict,anchored_character_coverage,tier_kind_tlevel,L/attribute/T0,111,335,705717,0.24887892376681614,0.00015726210918240704,0.0003143256016786686
0925-06-qwen-4b-local,Qwen/Qwen3.5-4B,local_window,strict,anchored_character_coverage,tier_kind_tlevel,L/attribute/T1,209,332,726837,0.38632162661737524,0.00028746461709437915,0.0005745017434341186
0925-06-qwen-4b-local,Qwen/Qwen3.5-4B,local_window,strict,anchored_character_coverage,tier_kind_tlevel,L/attribute/T2,229,168,713511,0.5768261964735516,0.00032084512567601646,0.0006413335256400382
0925-06-qwen-4b-local,Qwen/Qwen3.5-4B,local_window,strict,anchored_character_coverage,tier_kind_tlevel,L/attribute/T3,340,312,598542,0.5214723926380368,0.0005677245267014204,0.0011342142397261874
0925-06-qwen-4b-local,Qwen/Qwen3.5-4B,local_window,strict,anchored_character_coverage,tier_kind_tlevel,L/identifier/T0,4925,1205,265547,0.8034257748776509,0.018208908870419118,0.035610733111112715
0925-06-qwen-4b-local,Qwen/Qwen3.5-4B,local_window,strict,anchored_character_coverage,tier_kind_tlevel,L/identifier/T1,2988,844,301061,0.7797494780793319,0.009827363352617505,0.019410096758163055
0925-06-qwen-4b-local,Qwen/Qwen3.5-4B,local_window,strict,anchored_character_coverage,tier_kind_tlevel,L/identifier/T2,2204,1125,301590,0.6620606788825473,0.00725491616029283,0.014352555816399293
0925-06-qwen-4b-local,Qwen/Qwen3.5-4B,local_window,strict,anchored_character_coverage,tier_kind_tlevel,L/identifier/T3,2387,1307,171457,0.6461829994585815,0.013730701088332067,0.026890017911658348
0925-06-qwen-4b-local,Qwen/Qwen3.5-4B,local_window,itemwise,exact_with_invalid_item_fp,doc_type,bank_statement,831,5799,25332,0.1253393665158371,0.03176241256736613,0.05068154789131827
0925-06-qwen-4b-local,Qwen/Qwen3.5-4B,local_window,itemwise,exact_with_invalid_item_fp,doc_type,card_statement,778,6088,22372,0.11331197203612,0.033606911447084234,0.05183901918976546
0925-06-qwen-4b-local,Qwen/Qwen3.5-4B,local_window,itemwise,exact_with_invalid_item_fp,doc_type,complaint_case,849,5014,18856,0.14480641309909603,0.04308551129155037,0.06641113892365456
0925-06-qwen-4b-local,Qwen/Qwen3.5-4B,local_window,itemwise,exact_with_invalid_item_fp,doc_type,cs_transcript,773,4203,17535,0.15534565916398713,0.04222197946253004,0.06639752619824772
0925-06-qwen-4b-local,Qwen/Qwen3.5-4B,local_window,itemwise,exact_with_invalid_item_fp,doc_type,insurance_claim,777,4244,17717,0.1547500497908783,0.042013626040878126,0.06608547735487987
0925-06-qwen-4b-local,Qwen/Qwen3.5-4B,local_window,itemwise,exact_with_invalid_item_fp,doc_type,internal_memo,784,8043,23233,0.08881839809674862,0.03264354415622268,0.04774083546462063
0925-06-qwen-4b-local,Qwen/Qwen3.5-4B,local_window,itemwise,exact_with_invalid_item_fp,doc_type,kyc_form,1080,6677,23922,0.13922908340853424,0.04319654427645788,0.06593607863487896
0925-06-qwen-4b-local,Qwen/Qwen3.5-4B,local_window,itemwise,exact_with_invalid_item_fp,doc_type,loan_contract,841,4856,17111,0.1476215552044936,0.046847147950089124,0.07112351473635249
0925-06-qwen-4b-local,Qwen/Qwen3.5-4B,local_window,itemwise,exact_with_invalid_item_fp,doc_type,phishing_report,1013,5501,21645,0.15551120663186982,0.04470827080942713,0.0694501576854518
0925-06-qwen-4b-local,Qwen/Qwen3.5-4B,local_window,itemwise,exact_with_invalid_item_fp,doc_type,securities_trade_report,671,6366,22544,0.09535313343754441,0.028903726039198795,0.04436070342456697
0925-06-qwen-4b-local,Qwen/Qwen3.5-4B,local_window,itemwise,exact_with_invalid_item_fp,variation_level,T0,3946,16160,54374,0.19625982293842634,0.06766117969821674,0.10062989314768062
0925-06-qwen-4b-local,Qwen/Qwen3.5-4B,local_window,itemwise,exact_with_invalid_item_fp,variation_level,T1,1519,15722,55495,0.0881039382866423,0.02664257901568036,0.04091306982694768
0925-06-qwen-4b-local,Qwen/Qwen3.5-4B,local_window,itemwise,exact_with_invalid_item_fp,variation_level,T2,1719,13463,55645,0.11322618890791727,0.02996652953071613,0.04739062112314945
0925-06-qwen-4b-local,Qwen/Qwen3.5-4B,local_window,itemwise,exact_with_invalid_item_fp,variation_level,T3,1213,11446,44753,0.09582115490955052,0.026389070182308662,0.041381663113006395
0925-06-qwen-4b-local,Qwen/Qwen3.5-4B,local_window,itemwise,exact_with_invalid_item_fp,context_len_bucket,16k,5022,37304,122524,0.11865047488541322,0.039374029761811424,0.05912687199773947
0925-06-qwen-4b-local,Qwen/Qwen3.5-4B,local_window,itemwise,exact_with_invalid_item_fp,context_len_bucket,1k,1028,5200,25617,0.16506101477199744,0.03858134734471758,0.06254372889605452
0925-06-qwen-4b-local,Qwen/Qwen3.5-4B,local_window,itemwise,exact_with_invalid_item_fp,context_len_bucket,4k,2347,14287,62126,0.14109654923650355,0.036402835295394974,0.05787416622486345
0925-06-qwen-4b-local,Qwen/Qwen3.5-4B,local_window,itemwise,exact_with_invalid_item_fp,num_subjects,1,1610,12488,40648,0.11420059582919563,0.038099294808083675,0.05713677336929519
0925-06-qwen-4b-local,Qwen/Qwen3.5-4B,local_window,itemwise,exact_with_invalid_item_fp,num_subjects,3,2779,18432,70530,0.13101692518033095,0.03790803312008075,0.058802369868810836
0925-06-qwen-4b-local,Qwen/Qwen3.5-4B,local_window,itemwise,exact_with_invalid_item_fp,num_subjects,8,4008,25871,99089,0.1341410355098899,0.03887600997119218,0.060281554566237516
0925-06-qwen-4b-local,Qwen/Qwen3.5-4B,local_window,itemwise,exact_with_invalid_item_fp,generator_model,gpt-6-astra,2666,15097,75585,0.15008726003490402,0.034069852142464635,0.05553356802133022
0925-06-qwen-4b-local,Qwen/Qwen3.5-4B,local_window,itemwise,exact_with_invalid_item_fp,generator_model,zai-org/GLM-5.2-FP8,5731,41694,134682,0.12084343700579862,0.040815309123799076,0.06102066674474813
0925-06-qwen-4b-local,Qwen/Qwen3.5-4B,local_window,itemwise,exact_with_invalid_item_fp,category,__unassigned_invalid_item__,0,4825,0,0.0,0.0,0.0
0925-06-qwen-4b-local,Qwen/Qwen3.5-4B,local_window,itemwise,exact_with_invalid_item_fp,category,access_credential,152,984,1781,0.13380281690140844,0.07863424728401448,0.09905506679700228
0925-06-qwen-4b-local,Qwen/Qwen3.5-4B,local_window,itemwise,exact_with_invalid_item_fp,category,address,350,2166,2890,0.13910969793322733,0.10802469135802469,0.12161223071577484
0925-06-qwen-4b-local,Qwen/Qwen3.5-4B,local_window,itemwise,exact_with_invalid_item_fp,category,bank_account_no,963,2701,16442,0.26282751091703055,0.05532892846883079,0.0914139256727894
0925-06-qwen-4b-local,Qwen/Qwen3.5-4B,local_window,itemwise,exact_with_invalid_item_fp,category,business_reg_no,72,626,540,0.10315186246418338,0.11764705882352941,0.1099236641221374
0925-06-qwen-4b-local,Qwen/Qwen3.5-4B,local_window,itemwise,exact_with_invalid_item_fp,category,card_no,179,456,3105,0.28188976377952757,0.054506699147381245,0.09134983414136259
0925-06-qwen-4b-local,Qwen/Qwen3.5-4B,local_window,itemwise,exact_with_invalid_item_fp,category,consultation_content,4,177,33866,0.022099447513812154,0.00011809861234130499,0.00023494170508942468
0925-06-qwen-4b-local,Qwen/Qwen3.5-4B,local_window,itemwise,exact_with_invalid_item_fp,category,contract_no,98,237,5058,0.29253731343283584,0.01900698215671063,0.03569477326534329
0925-06-qwen-4b-local,Qwen/Qwen3.5-4B,local_window,itemwise,exact_with_invalid_item_fp,category,corp_reg_no,16,25,179,0.3902439024390244,0.08205128205128205,0.13559322033898305
0925-06-qwen-4b-local,Qwen/Qwen3.5-4B,local_window,itemwise,exact_with_invalid_item_fp,category,credit_score,11,2214,2548,0.004943820224719101,0.0042985541227041815,0.00459866220735786
0925-06-qwen-4b-local,Qwen/Qwen3.5-4B,local_window,itemwise,exact_with_invalid_item_fp,category,credit_transaction,8,13109,11265,0.0006098955553861401,0.0007096602501552382,0.0006560065600656007
0925-06-qwen-4b-local,Qwen/Qwen3.5-4B,local_window,itemwise,exact_with_invalid_item_fp,category,customer_id,413,1851,6530,0.18242049469964663,0.0594843727495319,0.0897143477788639
0925-06-qwen-4b-local,Qwen/Qwen3.5-4B,local_window,itemwise,exact_with_invalid_item_fp,category,delinquency_info,1,230,2242,0.004329004329004329,0.00044583147570218456,0.0008084074373484236
0925-06-qwen-4b-local,Qwen/Qwen3.5-4B,local_window,itemwise,exact_with_invalid_item_fp,category,device_network,3,156,1617,0.018867924528301886,0.001851851851851852,0.003372681281618887
0925-06-qwen-4b-local,Qwen/Qwen3.5-4B,local_window,itemwise,exact_with_invalid_item_fp,category,dob_age,12,2018,4371,0.005911330049261084,0.0027378507871321013,0.0037423982535474817
0925-06-qwen-4b-local,Qwen/Qwen3.5-4B,local_window,itemwise,exact_with_invalid_item_fp,category,driver_license_no,77,355,439,0.17824074074074073,0.14922480620155038,0.16244725738396623
0925-06-qwen-4b-local,Qwen/Qwen3.5-4B,local_window,itemwise,exact_with_invalid_item_fp,category,education,7,93,600,0.07,0.011532125205930808,0.019801980198019802
0925-06-qwen-4b-local,Qwen/Qwen3.5-4B,local_window,itemwise,exact_with_invalid_item_fp,category,email,357,1430,2809,0.19977616116396194,0.1127605811749842,0.1441550575408843
0925-06-qwen-4b-local,Qwen/Qwen3.5-4B,local_window,itemwise,exact_with_invalid_item_fp,category,employer_affiliation,13,360,4349,0.03485254691689008,0.0029802842732691427,0.005491024287222809
0925-06-qwen-4b-local,Qwen/Qwen3.5-4B,local_window,itemwise,exact_with_invalid_item_fp,category,family_relation,6,76,2094,0.07317073170731707,0.002857142857142857,0.005499541704857928
0925-06-qwen-4b-local,Qwen/Qwen3.5-4B,local_window,itemwise,exact_with_invalid_item_fp,category,financial_capacity,35,915,9752,0.03684210526315789,0.0035761724736895883,0.006519511967961256
0925-06-qwen-4b-local,Qwen/Qwen3.5-4B,local_window,itemwise,exact_with_invalid_item_fp,category,foreigner_reg_no,92,459,752,0.16696914700544466,0.10900473933649289,0.13189964157706094
0925-06-qwen-4b-local,Qwen/Qwen3.5-4B,local_window,itemwise,exact_with_invalid_item_fp,category,gender,25,806,3368,0.030084235860409144,0.0073681108163866785,0.011837121212121212
0925-06-qwen-4b-local,Qwen/Qwen3.5-4B,local_window,itemwise,exact_with_invalid_item_fp,category,investment_profile,3,149,3297,0.019736842105263157,0.0009090909090909091,0.0017381228273464658
0925-06-qwen-4b-local,Qwen/Qwen3.5-4B,local_window,itemwise,exact_with_invalid_item_fp,category,life_event,1,85,1592,0.011627906976744186,0.0006277463904582549,0.0011911852293031567
0925-06-qwen-4b-local,Qwen/Qwen3.5-4B,local_window,itemwise,exact_with_invalid_item_fp,category,location_mention,5,166,2031,0.029239766081871343,0.002455795677799607,0.004531037607612143
0925-06-qwen-4b-local,Qwen/Qwen3.5-4B,local_window,itemwise,exact_with_invalid_item_fp,category,nationality,153,660,3167,0.1881918819188192,0.04608433734939759,0.07403822888942657
0925-06-qwen-4b-local,Qwen/Qwen3.5-4B,local_window,itemwise,exact_with_invalid_item_fp,category,online_handle,77,318,481,0.1949367088607595,0.13799283154121864,0.161594963273872
0925-06-qwen-4b-local,Qwen/Qwen3.5-4B,local_window,itemwise,exact_with_invalid_item_fp,category,passport_no,75,108,485,0.4098360655737705,0.13392857142857142,0.2018842530282638
0925-06-qwen-4b-local,Qwen/Qwen3.5-4B,local_window,itemwise,exact_with_invalid_item_fp,category,person_name,3633,13610,35504,0.2106941947456939,0.09282775889822929,0.12887548776161759
0925-06-qwen-4b-local,Qwen/Qwen3.5-4B,local_window,itemwise,exact_with_invalid_item_fp,category,phone_no,971,2708,7295,0.2639304158738788,0.11746915073796274,0.16257848472164085
0925-06-qwen-4b-local,Qwen/Qwen3.5-4B,local_window,itemwise,exact_with_invalid_item_fp,category,public_record,1,56,795,0.017543859649122806,0.001256281407035176,0.0023446658851113715
0925-06-qwen-4b-local,Qwen/Qwen3.5-4B,local_window,itemwise,exact_with_invalid_item_fp,category,rrn,491,1178,5514,0.29418813660874776,0.08176519567027477,0.12796455564242898
0925-06-qwen-4b-local,Qwen/Qwen3.5-4B,local_window,itemwise,exact_with_invalid_item_fp,category,securities_account_no,77,221,3114,0.25838926174496646,0.02413036665622062,0.04413872169676125
0925-06-qwen-4b-local,Qwen/Qwen3.5-4B,local_window,itemwise,exact_with_invalid_item_fp,category,sensitive_info,0,66,1990,0.0,0.0,0.0
0925-06-qwen-4b-local,Qwen/Qwen3.5-4B,local_window,itemwise,exact_with_invalid_item_fp,category,service_usage,2,170,3561,0.011627906976744186,0.000561324726354196,0.00107095046854083
0925-06-qwen-4b-local,Qwen/Qwen3.5-4B,local_window,itemwise,exact_with_invalid_item_fp,category,transaction_record,14,1027,24844,0.013448607108549471,0.0005631989701504545,0.0010811228232750299
0925-06-qwen-4b-local,Qwen/Qwen3.5-4B,local_window,itemwise,exact_with_invalid_item_fp,tier_kind_tlevel,I/attribute/T0,72,1474,16246,0.04657179818887452,0.004412305429586959,0.00806090461262875
0925-06-qwen-4b-local,Qwen/Qwen3.5-4B,local_window,itemwise,exact_with_invalid_item_fp,tier_kind_tlevel,I/attribute/T1,61,1174,15565,0.04939271255060729,0.0039037501599897607,0.0072356325247612836
0925-06-qwen-4b-local,Qwen/Qwen3.5-4B,local_window,itemwise,exact_with_invalid_item_fp,tier_kind_tlevel,I/attribute/T2,47,1178,15817,0.03836734693877551,0.002962682803832577,0.005500614430335303
0925-06-qwen-4b-local,Qwen/Qwen3.5-4B,local_window,itemwise,exact_with_invalid_item_fp,tier_kind_tlevel,I/attribute/T3,54,1090,16285,0.0472027972027972,0.003304975824713875,0.006177429502945719
0925-06-qwen-4b-local,Qwen/Qwen3.5-4B,local_window,itemwise,exact_with_invalid_item_fp,tier_kind_tlevel,L/attribute/T0,14,4521,13981,0.0030871003307607497,0.0010003572704537335,0.0015110631408526713
0925-06-qwen-4b-local,Qwen/Qwen3.5-4B,local_window,itemwise,exact_with_invalid_item_fp,tier_kind_tlevel,L/attribute/T1,19,4452,13593,0.004249608588682621,0.001395827211284161,0.002101421224354366
0925-06-qwen-4b-local,Qwen/Qwen3.5-4B,local_window,itemwise,exact_with_invalid_item_fp,tier_kind_tlevel,L/attribute/T2,16,4022,13343,0.00396235760277365,0.0011976944382064525,0.0018393975972868886
0925-06-qwen-4b-local,Qwen/Qwen3.5-4B,local_window,itemwise,exact_with_invalid_item_fp,tier_kind_tlevel,L/attribute/T3,21,4622,12519,0.004522937755761361,0.0016746411483253589,0.0024442763196182273
0925-06-qwen-4b-local,Qwen/Qwen3.5-4B,local_window,itemwise,exact_with_invalid_item_fp,tier_kind_tlevel,L/identifier/T0,3860,8708,24147,0.307129217059198,0.13782268718534652,0.1902649414664202
0925-06-qwen-4b-local,Qwen/Qwen3.5-4B,local_window,itemwise,exact_with_invalid_item_fp,tier_kind_tlevel,L/identifier/T1,1439,8669,26337,0.1423624851602691,0.051807315668202764,0.07596874670045402
0925-06-qwen-4b-local,Qwen/Qwen3.5-4B,local_window,itemwise,exact_with_invalid_item_fp,tier_kind_tlevel,L/identifier/T2,1656,7209,26485,0.18680203045685279,0.05884652286699122,0.08949900016213587
0925-06-qwen-4b-local,Qwen/Qwen3.5-4B,local_window,itemwise,exact_with_invalid_item_fp,tier_kind_tlevel,L/identifier/T3,1138,4847,15949,0.19014202172096908,0.06660033943933985,0.09864771151178918
0925-06-qwen-4b-local,Qwen/Qwen3.5-4B,local_window,itemwise,exact_with_invalid_item_fp,tier_kind_tlevel,unassigned/invalid_item/T0,0,1457,0,0.0,0.0,0.0
0925-06-qwen-4b-local,Qwen/Qwen3.5-4B,local_window,itemwise,exact_with_invalid_item_fp,tier_kind_tlevel,unassigned/invalid_item/T1,0,1427,0,0.0,0.0,0.0
0925-06-qwen-4b-local,Qwen/Qwen3.5-4B,local_window,itemwise,exact_with_invalid_item_fp,tier_kind_tlevel,unassigned/invalid_item/T2,0,1054,0,0.0,0.0,0.0
0925-06-qwen-4b-local,Qwen/Qwen3.5-4B,local_window,itemwise,exact_with_invalid_item_fp,tier_kind_tlevel,unassigned/invalid_item/T3,0,887,0,0.0,0.0,0.0
0925-06-qwen-4b-local,Qwen/Qwen3.5-4B,local_window,itemwise,anchored_character_coverage,doc_type,bank_statement,9642,5824,1144138,0.623432044484676,0.008356879127736657,0.01649267989798554
0925-06-qwen-4b-local,Qwen/Qwen3.5-4B,local_window,itemwise,anchored_character_coverage,doc_type,card_statement,13228,5190,781549,0.7182104463025302,0.016643662310308425,0.032533402197504904
0925-06-qwen-4b-local,Qwen/Qwen3.5-4B,local_window,itemwise,anchored_character_coverage,doc_type,complaint_case,11337,3857,706102,0.7461497959720943,0.01580204031283496,0.03094864686684875
0925-06-qwen-4b-local,Qwen/Qwen3.5-4B,local_window,itemwise,anchored_character_coverage,doc_type,cs_transcript,11076,3467,426189,0.7616035205941003,0.025330177352406436,0.04902967632268574
0925-06-qwen-4b-local,Qwen/Qwen3.5-4B,local_window,itemwise,anchored_character_coverage,doc_type,insurance_claim,9341,3947,632410,0.7029650812763396,0.014555489590199314,0.02852043924102229
0925-06-qwen-4b-local,Qwen/Qwen3.5-4B,local_window,itemwise,anchored_character_coverage,doc_type,internal_memo,10671,5903,641270,0.6438397490044648,0.016368045574676235,0.03192448935326806
0925-06-qwen-4b-local,Qwen/Qwen3.5-4B,local_window,itemwise,anchored_character_coverage,doc_type,kyc_form,16046,5012,632167,0.7619906923734447,0.024754208878871607,0.04795068066597836
0925-06-qwen-4b-local,Qwen/Qwen3.5-4B,local_window,itemwise,anchored_character_coverage,doc_type,loan_contract,11913,3363,353233,0.7798507462686567,0.03262530604196678,0.06263044724017013
0925-06-qwen-4b-local,Qwen/Qwen3.5-4B,local_window,itemwise,anchored_character_coverage,doc_type,phishing_report,12914,4112,648631,0.7584870198519911,0.01952096985087938,0.03806233982884621
0925-06-qwen-4b-local,Qwen/Qwen3.5-4B,local_window,itemwise,anchored_character_coverage,doc_type,securities_trade_report,9121,5914,800825,0.6066511473229133,0.011261244576798947,0.022112024398137656
0925-06-qwen-4b-local,Qwen/Qwen3.5-4B,local_window,itemwise,anchored_character_coverage,variation_level,T0,43732,13843,1704985,0.7595657837603126,0.02500804875803232,0.04842184984487558
0925-06-qwen-4b-local,Qwen/Qwen3.5-4B,local_window,itemwise,anchored_character_coverage,variation_level,T1,29202,11047,1774257,0.7255335536286616,0.01619221728910943,0.03167746736468031
0925-06-qwen-4b-local,Qwen/Qwen3.5-4B,local_window,itemwise,anchored_character_coverage,variation_level,T2,24245,11197,1783088,0.6840753907793014,0.013414794063960542,0.026313575992728357
0925-06-qwen-4b-local,Qwen/Qwen3.5-4B,local_window,itemwise,anchored_character_coverage,variation_level,T3,18110,10502,1504184,0.6329512092828184,0.011896519332008141,0.02335409109256138
0925-06-qwen-4b-local,Qwen/Qwen3.5-4B,local_window,itemwise,anchored_character_coverage,context_len_bucket,16k,69464,30425,4464633,0.6954119072170108,0.015320360371646217,0.02998023731621114
0925-06-qwen-4b-local,Qwen/Qwen3.5-4B,local_window,itemwise,anchored_character_coverage,context_len_bucket,1k,14062,4925,542466,0.740611997682625,0.02526737199206509,0.04886753603294441
0925-06-qwen-4b-local,Qwen/Qwen3.5-4B,local_window,itemwise,anchored_character_coverage,context_len_bucket,4k,31763,11239,1759415,0.738640063252872,0.01773302262533372,0.03463455058936418
0925-06-qwen-4b-local,Qwen/Qwen3.5-4B,local_window,itemwise,anchored_character_coverage,num_subjects,1,23287,12784,1821823,0.6455878683707134,0.012620927749565067,0.024757851583659413
0925-06-qwen-4b-local,Qwen/Qwen3.5-4B,local_window,itemwise,anchored_character_coverage,num_subjects,3,36327,15755,2317453,0.6974962559041511,0.015433472966887305,0.03019873957857932
0925-06-qwen-4b-local,Qwen/Qwen3.5-4B,local_window,itemwise,anchored_character_coverage,num_subjects,8,55675,18050,2627238,0.7551712444896576,0.020751697874660864,0.040393406751267305
0925-06-qwen-4b-local,Qwen/Qwen3.5-4B,local_window,itemwise,anchored_character_coverage,generator_model,gpt-6-astra,34727,12067,3248005,0.7421250587682181,0.010578688726341353,0.020860026322065062
0925-06-qwen-4b-local,Qwen/Qwen3.5-4B,local_window,itemwise,anchored_character_coverage,generator_model,zai-org/GLM-5.2-FP8,80562,34522,3518509,0.7000278057766501,0.022384109677191698,0.043381065141330936
0925-06-qwen-4b-local,Qwen/Qwen3.5-4B,local_window,itemwise,anchored_character_coverage,category,access_credential,1121,2095,11967,0.3485696517412935,0.08565097799511003,0.13751226692836113
0925-06-qwen-4b-local,Qwen/Qwen3.5-4B,local_window,itemwise,anchored_character_coverage,category,address,9121,4019,60701,0.6941400304414003,0.1306321789693793,0.21988380222270437
0925-06-qwen-4b-local,Qwen/Qwen3.5-4B,local_window,itemwise,anchored_character_coverage,category,bank_account_no,16042,1760,257024,0.9011347039658465,0.05874770202075689,0.11030433048668124
0925-06-qwen-4b-local,Qwen/Qwen3.5-4B,local_window,itemwise,anchored_character_coverage,category,business_reg_no,956,2503,6761,0.27638045677941603,0.12388233769599585,0.17108088761632068
0925-06-qwen-4b-local,Qwen/Qwen3.5-4B,local_window,itemwise,anchored_character_coverage,category,card_no,3680,400,58832,0.9019607843137255,0.058868697210135656,0.11052378664103796
0925-06-qwen-4b-local,Qwen/Qwen3.5-4B,local_window,itemwise,anchored_character_coverage,category,consultation_content,895,519,2338517,0.632956152758133,0.0003825747666507652,0.0007646873368631414
0925-06-qwen-4b-local,Qwen/Qwen3.5-4B,local_window,itemwise,anchored_character_coverage,category,contract_no,1159,252,58112,0.8214032600992204,0.019554250814057466,0.03819913648198807
0925-06-qwen-4b-local,Qwen/Qwen3.5-4B,local_window,itemwise,anchored_character_coverage,category,corp_reg_no,242,0,2572,1.0,0.08599857853589196,0.15837696335078533
0925-06-qwen-4b-local,Qwen/Qwen3.5-4B,local_window,itemwise,anchored_character_coverage,category,credit_score,3051,783,68232,0.795774647887324,0.04280122890450739,0.08123327608930068
0925-06-qwen-4b-local,Qwen/Qwen3.5-4B,local_window,itemwise,anchored_character_coverage,category,credit_transaction,6654,17132,536778,0.27974438745480534,0.012244402243518969,0.023461878854338192
0925-06-qwen-4b-local,Qwen/Qwen3.5-4B,local_window,itemwise,anchored_character_coverage,category,customer_id,4154,3311,61129,0.556463496316142,0.06363065422851279,0.11420245230109419
0925-06-qwen-4b-local,Qwen/Qwen3.5-4B,local_window,itemwise,anchored_character_coverage,category,delinquency_info,218,220,88616,0.4977168949771689,0.002454015354481392,0.004883950174746841
0925-06-qwen-4b-local,Qwen/Qwen3.5-4B,local_window,itemwise,anchored_character_coverage,category,device_network,811,173,58070,0.8241869918699187,0.013773543248246463,0.027094295498204295
0925-06-qwen-4b-local,Qwen/Qwen3.5-4B,local_window,itemwise,anchored_character_coverage,category,dob_age,3133,1084,84326,0.742945221721603,0.03582249968556695,0.0683494044242768
0925-06-qwen-4b-local,Qwen/Qwen3.5-4B,local_window,itemwise,anchored_character_coverage,category,driver_license_no,1207,872,6820,0.5805675805675806,0.15036750965491466,0.23886799920839105
0925-06-qwen-4b-local,Qwen/Qwen3.5-4B,local_window,itemwise,anchored_character_coverage,category,education,270,35,15853,0.8852459016393442,0.016746263102400297,0.03287070854638422
0925-06-qwen-4b-local,Qwen/Qwen3.5-4B,local_window,itemwise,anchored_character_coverage,category,email,11144,289,53290,0.9747222951106447,0.17295216811000402,0.29377726811393623
0925-06-qwen-4b-local,Qwen/Qwen3.5-4B,local_window,itemwise,anchored_character_coverage,category,employer_affiliation,914,380,70543,0.7063369397217929,0.012790909218131185,0.02512680238072329
0925-06-qwen-4b-local,Qwen/Qwen3.5-4B,local_window,itemwise,anchored_character_coverage,category,family_relation,152,83,49446,0.6468085106382979,0.0030646397032138392,0.006100375253346176
0925-06-qwen-4b-local,Qwen/Qwen3.5-4B,local_window,itemwise,anchored_character_coverage,category,financial_capacity,1587,700,254593,0.6939221687800612,0.006194862986962292,0.01228009765269841
0925-06-qwen-4b-local,Qwen/Qwen3.5-4B,local_window,itemwise,anchored_character_coverage,category,foreigner_reg_no,1507,773,10693,0.6609649122807018,0.12352459016393443,0.20814917127071822
0925-06-qwen-4b-local,Qwen/Qwen3.5-4B,local_window,itemwise,anchored_character_coverage,category,gender,757,27,22996,0.9655612244897959,0.03186965856944386,0.0617027346456372
0925-06-qwen-4b-local,Qwen/Qwen3.5-4B,local_window,itemwise,anchored_character_coverage,category,investment_profile,422,42,137906,0.9094827586206896,0.0030507200277601065,0.0060810421349933716
0925-06-qwen-4b-local,Qwen/Qwen3.5-4B,local_window,itemwise,anchored_character_coverage,category,life_event,63,201,57411,0.23863636363636365,0.001096147823363608,0.0021822716408604385
0925-06-qwen-4b-local,Qwen/Qwen3.5-4B,local_window,itemwise,anchored_character_coverage,category,location_mention,304,419,39932,0.42047026279391425,0.007555423004274779,0.014844112405088015
0925-06-qwen-4b-local,Qwen/Qwen3.5-4B,local_window,itemwise,anchored_character_coverage,category,nationality,1874,136,28673,0.9323383084577115,0.06134808655514453,0.11512117209816629
0925-06-qwen-4b-local,Qwen/Qwen3.5-4B,local_window,itemwise,anchored_character_coverage,category,online_handle,950,953,4662,0.49921177088807145,0.16928011404134,0.2528276779773786
0925-06-qwen-4b-local,Qwen/Qwen3.5-4B,local_window,itemwise,anchored_character_coverage,category,passport_no,733,145,4547,0.8348519362186788,0.13882575757575757,0.2380643065930497
0925-06-qwen-4b-local,Qwen/Qwen3.5-4B,local_window,itemwise,anchored_character_coverage,category,person_name,17260,2646,149101,0.867075253692354,0.1037502780098701,0.185325366275293
0925-06-qwen-4b-local,Qwen/Qwen3.5-4B,local_window,itemwise,anchored_character_coverage,category,phone_no,13906,2371,99845,0.8543343367942495,0.12224947472989249,0.2138923924077891
0925-06-qwen-4b-local,Qwen/Qwen3.5-4B,local_window,itemwise,anchored_character_coverage,category,public_record,117,83,37064,0.585,0.003146768510798526,0.006259864637115112
0925-06-qwen-4b-local,Qwen/Qwen3.5-4B,local_window,itemwise,anchored_character_coverage,category,rrn,7309,902,79564,0.8901473632931434,0.084134311005721,0.15373774767573933
0925-06-qwen-4b-local,Qwen/Qwen3.5-4B,local_window,itemwise,anchored_character_coverage,category,securities_account_no,890,357,35158,0.7137129109863672,0.02468930315135375,0.04772757742324708
0925-06-qwen-4b-local,Qwen/Qwen3.5-4B,local_window,itemwise,anchored_character_coverage,category,sensitive_info,73,139,129545,0.3443396226415094,0.0005631933836349889,0.0011245474851729184
0925-06-qwen-4b-local,Qwen/Qwen3.5-4B,local_window,itemwise,anchored_character_coverage,category,service_usage,160,77,170720,0.6751054852320675,0.0009363295880149813,0.001870065510732423
0925-06-qwen-4b-local,Qwen/Qwen3.5-4B,local_window,itemwise,anchored_character_coverage,category,transaction_record,2453,708,1616515,0.7760202467573553,0.0015151627456503156,0.003024420375938042
0925-06-qwen-4b-local,Qwen/Qwen3.5-4B,local_window,itemwise,anchored_character_coverage,tier_kind_tlevel,I/attribute/T0,2978,693,769439,0.8112230999727594,0.0038554304216504814,0.00767438744059952
0925-06-qwen-4b-local,Qwen/Qwen3.5-4B,local_window,itemwise,anchored_character_coverage,tier_kind_tlevel,I/attribute/T1,2165,829,770199,0.7231128924515698,0.0028030824844244425,0.005584517087590507
0925-06-qwen-4b-local,Qwen/Qwen3.5-4B,local_window,itemwise,anchored_character_coverage,tier_kind_tlevel,I/attribute/T2,2094,961,787705,0.6854337152209493,0.002651307484562528,0.005282183100545624
0925-06-qwen-4b-local,Qwen/Qwen3.5-4B,local_window,itemwise,anchored_character_coverage,tier_kind_tlevel,I/attribute/T3,2518,693,747050,0.7841793833696667,0.0033592682718579236,0.006689878437097741
0925-06-qwen-4b-local,Qwen/Qwen3.5-4B,local_window,itemwise,anchored_character_coverage,tier_kind_tlevel,L/attribute/T0,3771,5622,702057,0.4014691791759821,0.0053426613849266395,0.010544992386968504
0925-06-qwen-4b-local,Qwen/Qwen3.5-4B,local_window,itemwise,anchored_character_coverage,tier_kind_tlevel,L/attribute/T1,3435,4819,723611,0.41616186091591956,0.004724597893393265,0.00934312525499796
0925-06-qwen-4b-local,Qwen/Qwen3.5-4B,local_window,itemwise,anchored_character_coverage,tier_kind_tlevel,L/attribute/T2,3534,4544,710206,0.4374845258727408,0.004951382856502368,0.009791942013083631
0925-06-qwen-4b-local,Qwen/Qwen3.5-4B,local_window,itemwise,anchored_character_coverage,tier_kind_tlevel,L/attribute/T3,3413,4780,595469,0.4165751251067985,0.005698952381270434,0.011244080220730552
0925-06-qwen-4b-local,Qwen/Qwen3.5-4B,local_window,itemwise,anchored_character_coverage,tier_kind_tlevel,L/identifier/T0,36983,7528,233489,0.8308732672822449,0.1367350409654234,0.23482537152798721
0925-06-qwen-4b-local,Qwen/Qwen3.5-4B,local_window,itemwise,anchored_character_coverage,tier_kind_tlevel,L/identifier/T1,23602,5399,280447,0.8138340057239406,0.07762564586629128,0.14173247260171146
0925-06-qwen-4b-local,Qwen/Qwen3.5-4B,local_window,itemwise,anchored_character_coverage,tier_kind_tlevel,L/identifier/T2,18617,5692,285177,0.7658480398206425,0.06128165796559511,0.11348265636095982
0925-06-qwen-4b-local,Qwen/Qwen3.5-4B,local_window,itemwise,anchored_character_coverage,tier_kind_tlevel,L/identifier/T3,12179,5029,161665,0.7077522082752208,0.07005706265387358,0.12749408537989657
0925-06-qwen-4b-local,Qwen/Qwen3.5-4B,local_window,fence_itemwise,exact_with_invalid_item_fp,doc_type,bank_statement,1443,9883,24720,0.12740596856789688,0.055154225432863205,0.07698258155725679
0925-06-qwen-4b-local,Qwen/Qwen3.5-4B,local_window,fence_itemwise,exact_with_invalid_item_fp,doc_type,card_statement,1220,11143,21930,0.09868154978565073,0.052699784017278616,0.06870723397065863
0925-06-qwen-4b-local,Qwen/Qwen3.5-4B,local_window,fence_itemwise,exact_with_invalid_item_fp,doc_type,complaint_case,1516,8988,18189,0.14432597105864434,0.0769347881248414,0.1003674401668377
0925-06-qwen-4b-local,Qwen/Qwen3.5-4B,local_window,fence_itemwise,exact_with_invalid_item_fp,doc_type,cs_transcript,1267,7442,17041,0.14548168561258468,0.069204719248416,0.09379279712773439
0925-06-qwen-4b-local,Qwen/Qwen3.5-4B,local_window,fence_itemwise,exact_with_invalid_item_fp,doc_type,insurance_claim,1353,7489,17141,0.15301967880570005,0.07315886233372985,0.09899034240561896
0925-06-qwen-4b-local,Qwen/Qwen3.5-4B,local_window,fence_itemwise,exact_with_invalid_item_fp,doc_type,internal_memo,1337,12873,22680,0.09408866995073892,0.05566890119498689,0.06995055850576817
0925-06-qwen-4b-local,Qwen/Qwen3.5-4B,local_window,fence_itemwise,exact_with_invalid_item_fp,doc_type,kyc_form,1695,10975,23307,0.13378058405682716,0.06779457643388528,0.08998725844128265
0925-06-qwen-4b-local,Qwen/Qwen3.5-4B,local_window,fence_itemwise,exact_with_invalid_item_fp,doc_type,loan_contract,1556,9403,16396,0.14198375764212062,0.08667557932263814,0.10764069039465947
0925-06-qwen-4b-local,Qwen/Qwen3.5-4B,local_window,fence_itemwise,exact_with_invalid_item_fp,doc_type,phishing_report,1706,10009,20952,0.1456252667520273,0.07529349457145379,0.09926395717569023
0925-06-qwen-4b-local,Qwen/Qwen3.5-4B,local_window,fence_itemwise,exact_with_invalid_item_fp,doc_type,securities_trade_report,1156,10760,22059,0.09701242027526015,0.04979539091104889,0.0658108223506305
0925-06-qwen-4b-local,Qwen/Qwen3.5-4B,local_window,fence_itemwise,exact_with_invalid_item_fp,variation_level,T0,6363,27554,51957,0.18760503582274377,0.10910493827160493,0.13797066253238938
0925-06-qwen-4b-local,Qwen/Qwen3.5-4B,local_window,fence_itemwise,exact_with_invalid_item_fp,variation_level,T1,2759,27513,54255,0.09114032769556026,0.0483916231101133,0.06321746900992141
0925-06-qwen-4b-local,Qwen/Qwen3.5-4B,local_window,fence_itemwise,exact_with_invalid_item_fp,variation_level,T2,2968,24248,54396,0.10905349794238683,0.0517397671013179,0.07018207614093167
0925-06-qwen-4b-local,Qwen/Qwen3.5-4B,local_window,fence_itemwise,exact_with_invalid_item_fp,variation_level,T3,2159,19650,43807,0.09899582741070201,0.04696949919505722,0.06371080781999262
0925-06-qwen-4b-local,Qwen/Qwen3.5-4B,local_window,fence_itemwise,exact_with_invalid_item_fp,context_len_bucket,16k,8472,65694,119074,0.11423024027182267,0.0664230944129961,0.08400095185214564
0925-06-qwen-4b-local,Qwen/Qwen3.5-4B,local_window,fence_itemwise,exact_with_invalid_item_fp,context_len_bucket,1k,1842,9482,24803,0.16266336983398091,0.06913116907487334,0.09702652163607153
0925-06-qwen-4b-local,Qwen/Qwen3.5-4B,local_window,fence_itemwise,exact_with_invalid_item_fp,context_len_bucket,4k,3935,23789,60538,0.1419347857452027,0.0610333007615591,0.08536069503346096
0925-06-qwen-4b-local,Qwen/Qwen3.5-4B,local_window,fence_itemwise,exact_with_invalid_item_fp,num_subjects,1,2711,22316,39547,0.1083230111479602,0.0641535330588291,0.080582596418221
0925-06-qwen-4b-local,Qwen/Qwen3.5-4B,local_window,fence_itemwise,exact_with_invalid_item_fp,num_subjects,3,4906,32995,68403,0.12944249492097834,0.06692220600471975,0.08822947576656776
0925-06-qwen-4b-local,Qwen/Qwen3.5-4B,local_window,fence_itemwise,exact_with_invalid_item_fp,num_subjects,8,6632,43654,96465,0.13188561428628245,0.06432776899424814,0.08647633701257636
0925-06-qwen-4b-local,Qwen/Qwen3.5-4B,local_window,fence_itemwise,exact_with_invalid_item_fp,generator_model,gpt-6-astra,4651,26827,73600,0.14775398691149375,0.05943694010300188,0.08477248494017078
0925-06-qwen-4b-local,Qwen/Qwen3.5-4B,local_window,fence_itemwise,exact_with_invalid_item_fp,generator_model,zai-org/GLM-5.2-FP8,9598,72138,130815,0.11742683762356856,0.06835549414940212,0.08641047225060658
0925-06-qwen-4b-local,Qwen/Qwen3.5-4B,local_window,fence_itemwise,exact_with_invalid_item_fp,category,__unassigned_invalid_item__,0,7967,0,0.0,0.0,0.0
0925-06-qwen-4b-local,Qwen/Qwen3.5-4B,local_window,fence_itemwise,exact_with_invalid_item_fp,category,access_credential,273,1784,1660,0.1327175498298493,0.14123124676668392,0.1368421052631579
0925-06-qwen-4b-local,Qwen/Qwen3.5-4B,local_window,fence_itemwise,exact_with_invalid_item_fp,category,address,602,3735,2638,0.1388056260087618,0.18580246913580248,0.1589019400818266
0925-06-qwen-4b-local,Qwen/Qwen3.5-4B,local_window,fence_itemwise,exact_with_invalid_item_fp,category,bank_account_no,1613,4950,15792,0.24577175072375437,0.09267451881643206,0.13459612817089453
0925-06-qwen-4b-local,Qwen/Qwen3.5-4B,local_window,fence_itemwise,exact_with_invalid_item_fp,category,business_reg_no,120,1001,492,0.10704727921498662,0.19607843137254902,0.13848817080207732
0925-06-qwen-4b-local,Qwen/Qwen3.5-4B,local_window,fence_itemwise,exact_with_invalid_item_fp,category,card_no,315,800,2969,0.2825112107623318,0.09591961023142509,0.14321436690156855
0925-06-qwen-4b-local,Qwen/Qwen3.5-4B,local_window,fence_itemwise,exact_with_invalid_item_fp,category,consultation_content,8,291,33862,0.026755852842809364,0.00023619722468260998,0.0004682607041470339
0925-06-qwen-4b-local,Qwen/Qwen3.5-4B,local_window,fence_itemwise,exact_with_invalid_item_fp,category,contract_no,158,466,4998,0.2532051282051282,0.03064391000775795,0.05467128027681661
0925-06-qwen-4b-local,Qwen/Qwen3.5-4B,local_window,fence_itemwise,exact_with_invalid_item_fp,category,corp_reg_no,24,54,171,0.3076923076923077,0.12307692307692308,0.17582417582417584
0925-06-qwen-4b-local,Qwen/Qwen3.5-4B,local_window,fence_itemwise,exact_with_invalid_item_fp,category,credit_score,30,3586,2529,0.008296460176991151,0.011723329425556858,0.009716599190283401
0925-06-qwen-4b-local,Qwen/Qwen3.5-4B,local_window,fence_itemwise,exact_with_invalid_item_fp,category,credit_transaction,19,22064,11254,0.0008603903455146493,0.0016854430941186907,0.001139225326777791
0925-06-qwen-4b-local,Qwen/Qwen3.5-4B,local_window,fence_itemwise,exact_with_invalid_item_fp,category,customer_id,663,3240,6280,0.16986933128362797,0.09549186230735993,0.12225705329153605
0925-06-qwen-4b-local,Qwen/Qwen3.5-4B,local_window,fence_itemwise,exact_with_invalid_item_fp,category,delinquency_info,4,424,2239,0.009345794392523364,0.0017833259028087382,0.002995132909022838
0925-06-qwen-4b-local,Qwen/Qwen3.5-4B,local_window,fence_itemwise,exact_with_invalid_item_fp,category,device_network,6,286,1614,0.02054794520547945,0.003703703703703704,0.006276150627615063
0925-06-qwen-4b-local,Qwen/Qwen3.5-4B,local_window,fence_itemwise,exact_with_invalid_item_fp,category,dob_age,18,3504,4365,0.005110732538330494,0.004106776180698152,0.004554079696394687
0925-06-qwen-4b-local,Qwen/Qwen3.5-4B,local_window,fence_itemwise,exact_with_invalid_item_fp,category,driver_license_no,123,636,393,0.16205533596837945,0.23837209302325582,0.19294117647058823
0925-06-qwen-4b-local,Qwen/Qwen3.5-4B,local_window,fence_itemwise,exact_with_invalid_item_fp,category,education,7,125,600,0.05303030303030303,0.011532125205930808,0.018944519621109608
0925-06-qwen-4b-local,Qwen/Qwen3.5-4B,local_window,fence_itemwise,exact_with_invalid_item_fp,category,email,585,2461,2581,0.19205515430072226,0.18477574226152874,0.18834513844172568
0925-06-qwen-4b-local,Qwen/Qwen3.5-4B,local_window,fence_itemwise,exact_with_invalid_item_fp,category,employer_affiliation,23,628,4339,0.03533026113671275,0.00527281063732233,0.009176142030720128
0925-06-qwen-4b-local,Qwen/Qwen3.5-4B,local_window,fence_itemwise,exact_with_invalid_item_fp,category,family_relation,9,124,2091,0.06766917293233082,0.004285714285714286,0.00806090461262875
0925-06-qwen-4b-local,Qwen/Qwen3.5-4B,local_window,fence_itemwise,exact_with_invalid_item_fp,category,financial_capacity,59,1642,9728,0.03468547912992358,0.006028405027076735,0.01027158774373259
0925-06-qwen-4b-local,Qwen/Qwen3.5-4B,local_window,fence_itemwise,exact_with_invalid_item_fp,category,foreigner_reg_no,154,795,690,0.16227608008429925,0.18246445497630331,0.17177914110429449
0925-06-qwen-4b-local,Qwen/Qwen3.5-4B,local_window,fence_itemwise,exact_with_invalid_item_fp,category,gender,55,1339,3338,0.03945480631276901,0.016209843796050692,0.02297890119072488
0925-06-qwen-4b-local,Qwen/Qwen3.5-4B,local_window,fence_itemwise,exact_with_invalid_item_fp,category,investment_profile,5,231,3295,0.0211864406779661,0.0015151515151515152,0.002828054298642534
0925-06-qwen-4b-local,Qwen/Qwen3.5-4B,local_window,fence_itemwise,exact_with_invalid_item_fp,category,life_event,2,138,1591,0.014285714285714285,0.0012554927809165098,0.002308136180034622
0925-06-qwen-4b-local,Qwen/Qwen3.5-4B,local_window,fence_itemwise,exact_with_invalid_item_fp,category,location_mention,11,301,2025,0.035256410256410256,0.0054027504911591355,0.009369676320272573
0925-06-qwen-4b-local,Qwen/Qwen3.5-4B,local_window,fence_itemwise,exact_with_invalid_item_fp,category,nationality,268,1102,3052,0.19562043795620437,0.08072289156626505,0.11428571428571428
0925-06-qwen-4b-local,Qwen/Qwen3.5-4B,local_window,fence_itemwise,exact_with_invalid_item_fp,category,online_handle,121,596,437,0.16875871687587168,0.2168458781362007,0.18980392156862744
0925-06-qwen-4b-local,Qwen/Qwen3.5-4B,local_window,fence_itemwise,exact_with_invalid_item_fp,category,passport_no,117,196,443,0.3738019169329074,0.20892857142857144,0.26804123711340205
0925-06-qwen-4b-local,Qwen/Qwen3.5-4B,local_window,fence_itemwise,exact_with_invalid_item_fp,category,person_name,6188,25081,32949,0.19789567942690844,0.1581112502235736,0.1757804732551203
0925-06-qwen-4b-local,Qwen/Qwen3.5-4B,local_window,fence_itemwise,exact_with_invalid_item_fp,category,phone_no,1608,4736,6658,0.25346784363177804,0.19453181708202275,0.22012320328542095
0925-06-qwen-4b-local,Qwen/Qwen3.5-4B,local_window,fence_itemwise,exact_with_invalid_item_fp,category,public_record,1,125,795,0.007936507936507936,0.001256281407035176,0.0021691973969631237
0925-06-qwen-4b-local,Qwen/Qwen3.5-4B,local_window,fence_itemwise,exact_with_invalid_item_fp,category,rrn,862,2060,5143,0.2950034223134839,0.14354704412989175,0.19312198947014675
0925-06-qwen-4b-local,Qwen/Qwen3.5-4B,local_window,fence_itemwise,exact_with_invalid_item_fp,category,securities_account_no,152,405,3039,0.27289048473967686,0.047633970542149795,0.08110992529348986
0925-06-qwen-4b-local,Qwen/Qwen3.5-4B,local_window,fence_itemwise,exact_with_invalid_item_fp,category,sensitive_info,1,127,1989,0.0078125,0.0005025125628140704,0.0009442870632672333
0925-06-qwen-4b-local,Qwen/Qwen3.5-4B,local_window,fence_itemwise,exact_with_invalid_item_fp,category,service_usage,3,199,3560,0.01485148514851485,0.0008419870895312938,0.0015936254980079682
0925-06-qwen-4b-local,Qwen/Qwen3.5-4B,local_window,fence_itemwise,exact_with_invalid_item_fp,category,transaction_record,42,1766,24816,0.023230088495575223,0.0016895969104513638,0.003150078751968799
0925-06-qwen-4b-local,Qwen/Qwen3.5-4B,local_window,fence_itemwise,exact_with_invalid_item_fp,tier_kind_tlevel,I/attribute/T0,115,2210,16203,0.04946236559139785,0.00704743228336806,0.012337070214021348
0925-06-qwen-4b-local,Qwen/Qwen3.5-4B,local_window,fence_itemwise,exact_with_invalid_item_fp,tier_kind_tlevel,I/attribute/T1,105,2090,15521,0.04783599088838269,0.006719569947523358,0.011783850513439201
0925-06-qwen-4b-local,Qwen/Qwen3.5-4B,local_window,fence_itemwise,exact_with_invalid_item_fp,tier_kind_tlevel,I/attribute/T2,77,2079,15787,0.03571428571428571,0.004853756933938477,0.008546059933407325
0925-06-qwen-4b-local,Qwen/Qwen3.5-4B,local_window,fence_itemwise,exact_with_invalid_item_fp,tier_kind_tlevel,I/attribute/T3,118,1889,16221,0.05879422022919781,0.007221984209559948,0.012863839529052654
0925-06-qwen-4b-local,Qwen/Qwen3.5-4B,local_window,fence_itemwise,exact_with_invalid_item_fp,tier_kind_tlevel,L/attribute/T0,48,7680,13947,0.006211180124223602,0.0034297963558413717,0.004419279105095981
0925-06-qwen-4b-local,Qwen/Qwen3.5-4B,local_window,fence_itemwise,exact_with_invalid_item_fp,tier_kind_tlevel,L/attribute/T1,39,7263,13573,0.005341002465078061,0.0028651190126359094,0.0037295591469828824
0925-06-qwen-4b-local,Qwen/Qwen3.5-4B,local_window,fence_itemwise,exact_with_invalid_item_fp,tier_kind_tlevel,L/attribute/T2,31,7419,13328,0.004161073825503355,0.002320532974025002,0.002979480032678168
0925-06-qwen-4b-local,Qwen/Qwen3.5-4B,local_window,fence_itemwise,exact_with_invalid_item_fp,tier_kind_tlevel,L/attribute/T3,38,7372,12502,0.005128205128205128,0.0030303030303030303,0.0038095238095238095
0925-06-qwen-4b-local,Qwen/Qwen3.5-4B,local_window,fence_itemwise,exact_with_invalid_item_fp,tier_kind_tlevel,L/identifier/T0,6200,15330,21807,0.2879702740362285,0.22137322812154103,0.2503179441629489
0925-06-qwen-4b-local,Qwen/Qwen3.5-4B,local_window,fence_itemwise,exact_with_invalid_item_fp,tier_kind_tlevel,L/identifier/T1,2615,15759,25161,0.14232067051268096,0.09414602534562212,0.1133261105092091
0925-06-qwen-4b-local,Qwen/Qwen3.5-4B,local_window,fence_itemwise,exact_with_invalid_item_fp,tier_kind_tlevel,L/identifier/T2,2860,13009,25281,0.18022559707606026,0.10163107210120464,0.12997046125880482
0925-06-qwen-4b-local,Qwen/Qwen3.5-4B,local_window,fence_itemwise,exact_with_invalid_item_fp,tier_kind_tlevel,L/identifier/T3,2003,8898,15084,0.18374461058618474,0.11722362029613156,0.14313277118765186
0925-06-qwen-4b-local,Qwen/Qwen3.5-4B,local_window,fence_itemwise,exact_with_invalid_item_fp,tier_kind_tlevel,unassigned/invalid_item/T0,0,2334,0,0.0,0.0,0.0
0925-06-qwen-4b-local,Qwen/Qwen3.5-4B,local_window,fence_itemwise,exact_with_invalid_item_fp,tier_kind_tlevel,unassigned/invalid_item/T1,0,2401,0,0.0,0.0,0.0
0925-06-qwen-4b-local,Qwen/Qwen3.5-4B,local_window,fence_itemwise,exact_with_invalid_item_fp,tier_kind_tlevel,unassigned/invalid_item/T2,0,1741,0,0.0,0.0,0.0
0925-06-qwen-4b-local,Qwen/Qwen3.5-4B,local_window,fence_itemwise,exact_with_invalid_item_fp,tier_kind_tlevel,unassigned/invalid_item/T3,0,1491,0,0.0,0.0,0.0
0925-06-qwen-4b-local,Qwen/Qwen3.5-4B,local_window,fence_itemwise,anchored_character_coverage,doc_type,bank_statement,16727,9426,1137053,0.6395824570794938,0.014497564527032884,0.02835245730054164
0925-06-qwen-4b-local,Qwen/Qwen3.5-4B,local_window,fence_itemwise,anchored_character_coverage,doc_type,card_statement,21181,9226,773596,0.696583023645871,0.026650242772500967,0.051336429208515916
0925-06-qwen-4b-local,Qwen/Qwen3.5-4B,local_window,fence_itemwise,anchored_character_coverage,doc_type,complaint_case,20450,7664,696989,0.7273956036138579,0.028504165510935424,0.054858608308195396
0925-06-qwen-4b-local,Qwen/Qwen3.5-4B,local_window,fence_itemwise,anchored_character_coverage,doc_type,cs_transcript,18190,6206,419075,0.7456140350877193,0.04159948772483506,0.078802411293135
0925-06-qwen-4b-local,Qwen/Qwen3.5-4B,local_window,fence_itemwise,anchored_character_coverage,doc_type,insurance_claim,16046,6748,625705,0.7039571817144863,0.025003467076794583,0.04829168829800841
0925-06-qwen-4b-local,Qwen/Qwen3.5-4B,local_window,fence_itemwise,anchored_character_coverage,doc_type,internal_memo,17469,9227,634472,0.6543676955349116,0.026795369519634446,0.05148260410204572
0925-06-qwen-4b-local,Qwen/Qwen3.5-4B,local_window,fence_itemwise,anchored_character_coverage,doc_type,kyc_form,24902,8517,623311,0.7451449774080613,0.03841638473773281,0.07306581850617341
0925-06-qwen-4b-local,Qwen/Qwen3.5-4B,local_window,fence_itemwise,anchored_character_coverage,doc_type,loan_contract,22635,6356,342511,0.7807595460660205,0.061988903068909425,0.11485853903591899
0925-06-qwen-4b-local,Qwen/Qwen3.5-4B,local_window,fence_itemwise,anchored_character_coverage,doc_type,phishing_report,22082,7656,639463,0.7425516174591432,0.03337943752881512,0.06388700430937835
0925-06-qwen-4b-local,Qwen/Qwen3.5-4B,local_window,fence_itemwise,anchored_character_coverage,doc_type,securities_trade_report,15931,10994,794015,0.5916805942432684,0.01966921251540226,0.0380727734620987
0925-06-qwen-4b-local,Qwen/Qwen3.5-4B,local_window,fence_itemwise,anchored_character_coverage,variation_level,T0,71297,23592,1677420,0.7513726564722992,0.040771033849387864,0.07734515943211294
0925-06-qwen-4b-local,Qwen/Qwen3.5-4B,local_window,fence_itemwise,anchored_character_coverage,variation_level,T1,51699,19743,1751760,0.723649953808684,0.028666579057244995,0.055148511841425225
0925-06-qwen-4b-local,Qwen/Qwen3.5-4B,local_window,fence_itemwise,anchored_character_coverage,variation_level,T2,42280,20747,1765053,0.6708236152759929,0.023393586018735896,0.04521054770204667
0925-06-qwen-4b-local,Qwen/Qwen3.5-4B,local_window,fence_itemwise,anchored_character_coverage,variation_level,T3,30337,17938,1491957,0.6284205075090626,0.01992847636527504,0.038631858899545325
0925-06-qwen-4b-local,Qwen/Qwen3.5-4B,local_window,fence_itemwise,anchored_character_coverage,context_len_bucket,16k,117609,54598,4416488,0.6829513318273938,0.02593879222257486,0.049979346850522195
0925-06-qwen-4b-local,Qwen/Qwen3.5-4B,local_window,fence_itemwise,anchored_character_coverage,context_len_bucket,1k,24963,8212,531565,0.7524642049736248,0.044854886007532416,0.08466295745485439
0925-06-qwen-4b-local,Qwen/Qwen3.5-4B,local_window,fence_itemwise,anchored_character_coverage,context_len_bucket,4k,53041,19210,1738137,0.7341213270404562,0.029612355667610925,0.05692838310448104
0925-06-qwen-4b-local,Qwen/Qwen3.5-4B,local_window,fence_itemwise,anchored_character_coverage,num_subjects,1,39666,22533,1805444,0.6377272946510394,0.021497905273940306,0.04159367989140721
0925-06-qwen-4b-local,Qwen/Qwen3.5-4B,local_window,fence_itemwise,anchored_character_coverage,num_subjects,3,63148,27372,2290632,0.6976137870083959,0.026828335698323547,0.05166959865810252
0925-06-qwen-4b-local,Qwen/Qwen3.5-4B,local_window,fence_itemwise,anchored_character_coverage,num_subjects,8,92799,32115,2590114,0.7429031173447331,0.03458889647185727,0.06610022626037858
0925-06-qwen-4b-local,Qwen/Qwen3.5-4B,local_window,fence_itemwise,anchored_character_coverage,generator_model,gpt-6-astra,61818,22250,3220914,0.7353333016129799,0.018831266152704515,0.03672211001544493
0925-06-qwen-4b-local,Qwen/Qwen3.5-4B,local_window,fence_itemwise,anchored_character_coverage,generator_model,zai-org/GLM-5.2-FP8,133795,59770,3465276,0.6912148373931237,0.037174870959756,0.07055514950551542
0925-06-qwen-4b-local,Qwen/Qwen3.5-4B,local_window,fence_itemwise,anchored_character_coverage,category,access_credential,1944,4359,11144,0.3084245597334603,0.14853300733496333,0.20050538909803517
0925-06-qwen-4b-local,Qwen/Qwen3.5-4B,local_window,fence_itemwise,anchored_character_coverage,category,address,15809,6501,54013,0.7086060062752129,0.22641860731574576,0.34318152216385184
0925-06-qwen-4b-local,Qwen/Qwen3.5-4B,local_window,fence_itemwise,anchored_character_coverage,category,bank_account_no,26728,3433,246338,0.8861775140081563,0.09788109834252524,0.17629036992088434
0925-06-qwen-4b-local,Qwen/Qwen3.5-4B,local_window,fence_itemwise,anchored_character_coverage,category,business_reg_no,1617,4218,6100,0.27712082262210797,0.2095373849941687,0.23863636363636365
0925-06-qwen-4b-local,Qwen/Qwen3.5-4B,local_window,fence_itemwise,anchored_character_coverage,category,card_no,6522,675,55990,0.9062109212171738,0.10433196826209368,0.18712074481056964
0925-06-qwen-4b-local,Qwen/Qwen3.5-4B,local_window,fence_itemwise,anchored_character_coverage,category,consultation_content,1537,1343,2337875,0.5336805555555556,0.0006570026998237164,0.0013123897447457449
0925-06-qwen-4b-local,Qwen/Qwen3.5-4B,local_window,fence_itemwise,anchored_character_coverage,category,contract_no,1963,436,57308,0.8182576073363902,0.033119063285586545,0.06366142370682666
0925-06-qwen-4b-local,Qwen/Qwen3.5-4B,local_window,fence_itemwise,anchored_character_coverage,category,corp_reg_no,354,28,2460,0.9267015706806283,0.1257995735607676,0.22152690863579474
0925-06-qwen-4b-local,Qwen/Qwen3.5-4B,local_window,fence_itemwise,anchored_character_coverage,category,credit_score,4584,1674,66699,0.7325023969319271,0.0643070577837633,0.11823422447479398
0925-06-qwen-4b-local,Qwen/Qwen3.5-4B,local_window,fence_itemwise,anchored_character_coverage,category,credit_transaction,11266,29392,532166,0.27709183924442915,0.02073120464013897,0.03857624681127909
0925-06-qwen-4b-local,Qwen/Qwen3.5-4B,local_window,fence_itemwise,anchored_character_coverage,category,customer_id,6742,5822,58541,0.5366125437758675,0.10327344025243938,0.1732115560008735
0925-06-qwen-4b-local,Qwen/Qwen3.5-4B,local_window,fence_itemwise,anchored_character_coverage,category,delinquency_info,395,617,88439,0.39031620553359686,0.0044464957111016055,0.008792823275382321
0925-06-qwen-4b-local,Qwen/Qwen3.5-4B,local_window,fence_itemwise,anchored_character_coverage,category,device_network,1331,325,57550,0.803743961352657,0.02260491499804691,0.04397310735583197
0925-06-qwen-4b-local,Qwen/Qwen3.5-4B,local_window,fence_itemwise,anchored_character_coverage,category,dob_age,5039,1950,82420,0.7209901273429675,0.057615568437782275,0.10670421819413857
0925-06-qwen-4b-local,Qwen/Qwen3.5-4B,local_window,fence_itemwise,anchored_character_coverage,category,driver_license_no,1985,1263,6042,0.6111453201970444,0.2472903949171546,0.35210643015521065
0925-06-qwen-4b-local,Qwen/Qwen3.5-4B,local_window,fence_itemwise,anchored_character_coverage,category,education,366,35,15757,0.912718204488778,0.022700489983253736,0.04429920116194626
0925-06-qwen-4b-local,Qwen/Qwen3.5-4B,local_window,fence_itemwise,anchored_character_coverage,category,email,18624,547,45810,0.9714673204319023,0.28903994785361764,0.4455235930865379
0925-06-qwen-4b-local,Qwen/Qwen3.5-4B,local_window,fence_itemwise,anchored_character_coverage,category,employer_affiliation,1510,574,69947,0.7245681381957774,0.021131589627328324,0.041065528072775734
0925-06-qwen-4b-local,Qwen/Qwen3.5-4B,local_window,fence_itemwise,anchored_character_coverage,category,family_relation,263,142,49335,0.6493827160493827,0.005302633170692367,0.010519368837869728
0925-06-qwen-4b-local,Qwen/Qwen3.5-4B,local_window,fence_itemwise,anchored_character_coverage,category,financial_capacity,2822,1180,253358,0.7051474262868566,0.011015692091498165,0.021692507552405624
0925-06-qwen-4b-local,Qwen/Qwen3.5-4B,local_window,fence_itemwise,anchored_character_coverage,category,foreigner_reg_no,2634,1295,9566,0.6703995927716976,0.2159016393442623,0.32661665323330646
0925-06-qwen-4b-local,Qwen/Qwen3.5-4B,local_window,fence_itemwise,anchored_character_coverage,category,gender,1307,41,22446,0.9695845697329377,0.05502462846798299,0.1041392773196287
0925-06-qwen-4b-local,Qwen/Qwen3.5-4B,local_window,fence_itemwise,anchored_character_coverage,category,investment_profile,598,65,137730,0.9019607843137255,0.004323058238389914,0.00860487369685807
0925-06-qwen-4b-local,Qwen/Qwen3.5-4B,local_window,fence_itemwise,anchored_character_coverage,category,life_event,136,415,57338,0.24682395644283123,0.002366287364721439,0.004687634640241275
0925-06-qwen-4b-local,Qwen/Qwen3.5-4B,local_window,fence_itemwise,anchored_character_coverage,category,location_mention,705,578,39531,0.5494933749025721,0.017521622427676707,0.03396035549989162
0925-06-qwen-4b-local,Qwen/Qwen3.5-4B,local_window,fence_itemwise,anchored_character_coverage,category,nationality,3179,205,27368,0.9394208037825059,0.10406913935902053,0.18738027172791843
0925-06-qwen-4b-local,Qwen/Qwen3.5-4B,local_window,fence_itemwise,anchored_character_coverage,category,online_handle,1560,1661,4052,0.4843216392424713,0.27797576621525305,0.3532208762594815
0925-06-qwen-4b-local,Qwen/Qwen3.5-4B,local_window,fence_itemwise,anchored_character_coverage,category,passport_no,1150,200,4130,0.8518518518518519,0.2178030303030303,0.3469079939668175
0925-06-qwen-4b-local,Qwen/Qwen3.5-4B,local_window,fence_itemwise,anchored_character_coverage,category,person_name,29923,5168,136438,0.8527257701404919,0.1798678776876792,0.2970732482179378
0925-06-qwen-4b-local,Qwen/Qwen3.5-4B,local_window,fence_itemwise,anchored_character_coverage,category,phone_no,23189,3978,90562,0.8535723488055361,0.2038575485050681,0.3291133850892008
0925-06-qwen-4b-local,Qwen/Qwen3.5-4B,local_window,fence_itemwise,anchored_character_coverage,category,public_record,187,124,36994,0.6012861736334405,0.0050294505258061915,0.00997546143177211
0925-06-qwen-4b-local,Qwen/Qwen3.5-4B,local_window,fence_itemwise,anchored_character_coverage,category,rrn,12930,1625,73943,0.8883545173479904,0.14883795885948453,0.2549591828686359
0925-06-qwen-4b-local,Qwen/Qwen3.5-4B,local_window,fence_itemwise,anchored_character_coverage,category,securities_account_no,1723,618,34325,0.7360102520290475,0.04779738126941855,0.08976529735080362
0925-06-qwen-4b-local,Qwen/Qwen3.5-4B,local_window,fence_itemwise,anchored_character_coverage,category,sensitive_info,224,275,129394,0.44889779559118237,0.0017281550401950347,0.003443055096566936
0925-06-qwen-4b-local,Qwen/Qwen3.5-4B,local_window,fence_itemwise,anchored_character_coverage,category,service_usage,233,91,170647,0.7191358024691358,0.0013635299625468164,0.00272189902105091
0925-06-qwen-4b-local,Qwen/Qwen3.5-4B,local_window,fence_itemwise,anchored_character_coverage,category,transaction_record,4534,1167,1614434,0.7952990703385371,0.002800549485845304,0.005581444589636412
0925-06-qwen-4b-local,Qwen/Qwen3.5-4B,local_window,fence_itemwise,anchored_character_coverage,tier_kind_tlevel,I/attribute/T0,4792,1430,767625,0.7701703632272581,0.0062039028141534945,0.012308656514764866
0925-06-qwen-4b-local,Qwen/Qwen3.5-4B,local_window,fence_itemwise,anchored_character_coverage,tier_kind_tlevel,I/attribute/T1,3799,1657,768565,0.6962976539589443,0.004918665292530465,0.009768326862256049
0925-06-qwen-4b-local,Qwen/Qwen3.5-4B,local_window,fence_itemwise,anchored_character_coverage,tier_kind_tlevel,I/attribute/T2,3551,1356,786248,0.7236600774403913,0.004496080648367496,0.008936638203310407
0925-06-qwen-4b-local,Qwen/Qwen3.5-4B,local_window,fence_itemwise,anchored_character_coverage,tier_kind_tlevel,I/attribute/T3,4062,1321,745506,0.7545978079138027,0.0054191214139344265,0.010760963294306519
0925-06-qwen-4b-local,Qwen/Qwen3.5-4B,local_window,fence_itemwise,anchored_character_coverage,tier_kind_tlevel,L/attribute/T0,7082,9591,698746,0.42475859173514063,0.01003360592098925,0.019604125115397764
0925-06-qwen-4b-local,Qwen/Qwen3.5-4B,local_window,fence_itemwise,anchored_character_coverage,tier_kind_tlevel,L/attribute/T1,5673,8078,721373,0.4125518144134972,0.007802807525245995,0.015315936754603488
0925-06-qwen-4b-local,Qwen/Qwen3.5-4B,local_window,fence_itemwise,anchored_character_coverage,tier_kind_tlevel,L/attribute/T2,5830,8926,707910,0.39509352127947955,0.008168240535769328,0.0160055786167666
0925-06-qwen-4b-local,Qwen/Qwen3.5-4B,local_window,fence_itemwise,anchored_character_coverage,tier_kind_tlevel,L/attribute/T3,5427,7834,593455,0.40924515496568886,0.009061885312966493,0.01773115105457385
0925-06-qwen-4b-local,Qwen/Qwen3.5-4B,local_window,fence_itemwise,anchored_character_coverage,tier_kind_tlevel,L/identifier/T0,59423,12571,211049,0.8253882267966774,0.21970111508769855,0.3470300701383495
0925-06-qwen-4b-local,Qwen/Qwen3.5-4B,local_window,fence_itemwise,anchored_character_coverage,tier_kind_tlevel,L/identifier/T1,42227,10008,261822,0.8084043266009381,0.13888221964222872,0.2370412367661753
0925-06-qwen-4b-local,Qwen/Qwen3.5-4B,local_window,fence_itemwise,anchored_character_coverage,tier_kind_tlevel,L/identifier/T2,32899,10465,270895,0.7586707868277834,0.1082937780206324,0.18953329607844266
0925-06-qwen-4b-local,Qwen/Qwen3.5-4B,local_window,fence_itemwise,anchored_character_coverage,tier_kind_tlevel,L/identifier/T3,20848,8783,152996,0.7035874590800175,0.1199236096730402,0.2049195232829586
